Program Version:,EnergyPlus, Version 8.8.0-7c3bbe4830, YMD=2018.07.15 21:52
Tabular Output Report in Format: ,Comma

Building:,IHOPETHISWORKS
Environment:,PARAMETRIC RUN ** CARDIFF GBR CIBSE_TRY05 WMO#=NA

----------------------------------------------------------------------------------------------------
REPORT:,Annual Building Utility Performance Summary
FOR:,Entire Facility
Values gathered over      8760.00 hours

Site and Source Energy

,,Total Energy [GJ],Energy Per Total Building Area [MJ/m2],Energy Per Conditioned Building Area [MJ/m2]
,Total Site Energy,159106.71,909181.21,909181.21
,Net Site Energy,159106.71,909181.21,909181.21
,Total Source Energy,574755.85,3284319.16,3284319.16
,Net Source Energy,574755.85,3284319.16,3284319.16


Site to Source Energy Conversion Factors

,,Site=>Source Conversion Factor
,Electricity,3.167
,Natural Gas,1.084
,District Cooling,1.056
,District Heating,3.613
,Steam,0.300
,Gasoline,1.050
,Diesel,1.050
,Coal,1.050
,Fuel Oil #1,1.050
,Fuel Oil #2,1.050
,Propane,1.050
,Other Fuel 1,1.000
,Other Fuel 2,1.000


Building Area

,,Area [m2]
,Total Building Area,175.00
,Net Conditioned Building Area,175.00
,Unconditioned Building Area,0.00


End Uses

,,Electricity [GJ],Natural Gas [GJ],Additional Fuel [GJ],District Cooling [GJ],District Heating [GJ],Water [m3]
,Heating,0.00,0.00,0.00,0.00,159017.22,0.00
,Cooling,0.00,0.00,0.00,52.00,0.00,0.00
,Interior Lighting,11.84,0.00,0.00,0.00,0.00,0.00
,Exterior Lighting,0.00,0.00,0.00,0.00,0.00,0.00
,Interior Equipment,25.65,0.00,0.00,0.00,0.00,0.00
,Exterior Equipment,0.00,0.00,0.00,0.00,0.00,0.00
,Fans,0.00,0.00,0.00,0.00,0.00,0.00
,Pumps,0.00,0.00,0.00,0.00,0.00,0.00
,Heat Rejection,0.00,0.00,0.00,0.00,0.00,0.00
,Humidification,0.00,0.00,0.00,0.00,0.00,0.00
,Heat Recovery,0.00,0.00,0.00,0.00,0.00,0.00
,Water Systems,0.00,0.00,0.00,0.00,0.00,0.00
,Refrigeration,0.00,0.00,0.00,0.00,0.00,0.00
,Generators,0.00,0.00,0.00,0.00,0.00,0.00
,,,,,,,
,Total End Uses,37.49,0.00,0.00,52.00,159017.22,0.00
Note: District heat appears to be the principal heating source based on energy usage.


End Uses By Subcategory

,,Subcategory,Electricity [GJ],Natural Gas [GJ],Additional Fuel [GJ],District Cooling [GJ],District Heating [GJ],Water [m3]
,Heating,General,0.00,0.00,0.00,0.00,159017.22,0.00
,Cooling,General,0.00,0.00,0.00,52.00,0.00,0.00
,Interior Lighting,General,11.84,0.00,0.00,0.00,0.00,0.00
,Exterior Lighting,General,0.00,0.00,0.00,0.00,0.00,0.00
,Interior Equipment,General,25.65,0.00,0.00,0.00,0.00,0.00
,Exterior Equipment,General,0.00,0.00,0.00,0.00,0.00,0.00
,Fans,Ventilation (simple),0.00,0.00,0.00,0.00,0.00,0.00
,Pumps,General,0.00,0.00,0.00,0.00,0.00,0.00
,Heat Rejection,General,0.00,0.00,0.00,0.00,0.00,0.00
,Humidification,General,0.00,0.00,0.00,0.00,0.00,0.00
,Heat Recovery,General,0.00,0.00,0.00,0.00,0.00,0.00
,Water Systems,General,0.00,0.00,0.00,0.00,0.00,0.00
,Refrigeration,General,0.00,0.00,0.00,0.00,0.00,0.00
,Generators,General,0.00,0.00,0.00,0.00,0.00,0.00


Normalized Metrics
Utility Use Per Conditioned Floor Area

,,Electricity Intensity [MJ/m2],Natural Gas Intensity [MJ/m2],Additional Fuel Intensity [MJ/m2],District Cooling Intensity [MJ/m2],District Heating Intensity [MJ/m2],Water Intensity [m3/m2]
,Lighting,67.65,0.00,0.00,0.00,0.00,0.00
,HVAC,0.00,0.00,0.00,297.15,908669.84,0.00
,Other,146.58,0.00,0.00,0.00,0.00,0.00
,Total,214.23,0.00,0.00,297.15,908669.84,0.00


Utility Use Per Total Floor Area

,,Electricity Intensity [MJ/m2],Natural Gas Intensity [MJ/m2],Additional Fuel Intensity [MJ/m2],District Cooling Intensity [MJ/m2],District Heating Intensity [MJ/m2],Water Intensity [m3/m2]
,Lighting,67.65,0.00,0.00,0.00,0.00,0.00
,HVAC,0.00,0.00,0.00,297.15,908669.84,0.00
,Other,146.58,0.00,0.00,0.00,0.00,0.00
,Total,214.23,0.00,0.00,297.15,908669.84,0.00


Electric Loads Satisfied

,,Electricity [GJ],Percent Electricity [%]
,Fuel-Fired Power Generation,0.000,0.00
,High Temperature Geothermal*,0.000,0.00
,Photovoltaic Power,0.000,0.00
,Wind Power,0.000,0.00
,Power Conversion,0.000,0.00
,Net Decrease in On-Site Storage,0.000,0.00
,Total On-Site Electric Sources,0.000,0.00
,,,
,Electricity Coming From Utility,37.490,100.00
,Surplus Electricity Going To Utility,0.000,0.00
,Net Electricity From Utility,37.490,100.00
,,,
,Total On-Site and Utility Electric Sources,37.490,100.00
,Total Electricity End Uses,37.490,100.00


On-Site Thermal Sources

,,Heat [GJ],Percent Heat [%]
,Water-Side Heat Recovery,0.00,
,Air to Air Heat Recovery for Cooling,0.00,
,Air to Air Heat Recovery for Heating,0.00,
,High-Temperature Geothermal*,0.00,
,Solar Water Thermal,0.00,
,Solar Air Thermal,0.00,
,Total On-Site Thermal Sources,0.00,


Water Source Summary

,,Water [m3],Percent Water [%]
,Rainwater Collection,0.00,-
,Condensate Collection,0.00,-
,Groundwater Well,0.00,-
,Total On Site Water Sources,0.00,-
,-,-,-
,Initial Storage,0.00,-
,Final Storage,0.00,-
,Change in Storage,0.00,-
,-,-,-
,Water Supplied by Utility,0.00,-
,-,-,-
,Total On Site, Change in Storage, and Utility Water Sources,0.00,-
,Total Water End Uses,0.00,-


Setpoint Not Met Criteria

,,Degrees [deltaC]
,Tolerance for Zone Heating Setpoint Not Met Time,0.20
,Tolerance for Zone Cooling Setpoint Not Met Time,0.20


Comfort and Setpoint Not Met Summary

,,Facility [Hours]
,Time Setpoint Not Met During Occupied Heating,0.00
,Time Setpoint Not Met During Occupied Cooling,0.00
,Time Not Comfortable Based on Simple ASHRAE 55-2004,1717.67


Note 1: An asterisk (*) indicates that the feature is not yet implemented.
----------------------------------------------------------------------------------------------------
REPORT:,Input Verification and Results Summary
FOR:,Entire Facility
General

,,Value
,Program Version and Build,EnergyPlus, Version 8.8.0-7c3bbe4830, YMD=2018.07.15 21:52
,RunPeriod,PARAMETRIC RUN
,Weather File,CARDIFF GBR CIBSE_TRY05 WMO#=NA
,Latitude [deg],51.48
,Longitude [deg],-3.3
,Elevation [m],10.00
,Time Zone,0.00
,North Axis Angle [deg],0.00
,Rotation for Appendix G [deg],0.00
,Hours Simulated [hrs],8760.00


ENVELOPE
Window-Wall Ratio

,,Total,North (315 to 45 deg),East (45 to 135 deg),South (135 to 225 deg),West (225 to 315 deg)
,Gross Wall Area [m2],240.00,60.00,60.00,60.00,60.00
,Above Ground Wall Area [m2],240.00,60.00,60.00,60.00,60.00
,Window Opening Area [m2],38.40,9.60,9.60,9.60,9.60
,Gross Window-Wall Ratio [%],16.00,16.00,16.00,16.00,16.00
,Above Ground Window-Wall Ratio [%],16.00,16.00,16.00,16.00,16.00


Conditioned Window-Wall Ratio

,,Total,North (315 to 45 deg),East (45 to 135 deg),South (135 to 225 deg),West (225 to 315 deg)
,Gross Wall Area [m2],240.00,60.00,60.00,60.00,60.00
,Above Ground Wall Area [m2],240.00,60.00,60.00,60.00,60.00
,Window Opening Area [m2],38.40,9.60,9.60,9.60,9.60
,Gross Window-Wall Ratio [%],16.00,16.00,16.00,16.00,16.00
,Above Ground Window-Wall Ratio [%],16.00,16.00,16.00,16.00,16.00


Skylight-Roof Ratio

,,Total
,Gross Roof Area [m2],100.00
,Skylight Area [m2],4.00
,Skylight-Roof Ratio [%],4.00


PERFORMANCE
Zone Summary

,,Area [m2],Conditioned (Y/N),Part of Total Floor Area (Y/N),Volume [m3],Multipliers,Above Ground Gross Wall Area [m2],Underground Gross Wall Area [m2],Window Glass Area [m2],Opening Area [m2],Lighting [W/m2],People [m2 per person],Plug and Process [W/m2]
,ZONE1,100.00,Yes,Yes,375.00,1.00,150.00,0.00,24.00,24.00,6.0000,2.00,12.0000
,ZONE2,25.00,Yes,Yes,75.00,1.00,30.00,0.00,4.80,4.80,6.0000,2.00,12.0000
,ZONE3,25.00,Yes,Yes,75.00,1.00,30.00,0.00,4.80,4.80,6.0000,2.00,12.0000
,ZONE4,25.00,Yes,Yes,75.00,1.00,30.00,0.00,4.80,4.80,6.0000,2.00,12.0000
,Total,175.00,,,600.00,,240.00,0.00,38.40,38.40,6.0000,2.00,12.0000
,Conditioned Total,175.00,,,600.00,,240.00,0.00,38.40,38.40,6.0000,2.00,12.0000
,Unconditioned Total,0.00,,,0.00,,0.00,0.00,0.00,0.00,,,
,Not Part of Total,0.00,,,0.00,,0.00,0.00,0.00,0.00,,,


----------------------------------------------------------------------------------------------------
REPORT:,Demand End Use Components Summary
FOR:,Entire Facility
End Uses

,,Electricity [W],Natural Gas [W],Propane [W],District Cooling [W],District Heating [W],Water [m3/s]
,Time of Peak,01-JAN-07:10,-,-,20-JUL-17:00,14-FEB-08:00,-
,Heating,0.00,0.00,0.00,0.00,39406058.04,0.00
,Cooling,0.00,0.00,0.00,3611846.47,0.00,0.00
,Interior Lighting,1050.00,0.00,0.00,0.00,0.00,0.00
,Exterior Lighting,0.00,0.00,0.00,0.00,0.00,0.00
,Interior Equipment,2100.00,0.00,0.00,0.00,0.00,0.00
,Exterior Equipment,0.00,0.00,0.00,0.00,0.00,0.00
,Fans,0.00,0.00,0.00,0.00,0.00,0.00
,Pumps,0.00,0.00,0.00,0.00,0.00,0.00
,Heat Rejection,0.00,0.00,0.00,0.00,0.00,0.00
,Humidification,0.00,0.00,0.00,0.00,0.00,0.00
,Heat Recovery,0.00,0.00,0.00,0.00,0.00,0.00
,Water Systems,0.00,0.00,0.00,0.00,0.00,0.00
,Refrigeration,0.00,0.00,0.00,0.00,0.00,0.00
,Generators,0.00,0.00,0.00,0.00,0.00,0.00
,,,,,,,
,Total End Uses,3150.00,0.00,0.00,3611846.47,39406058.04,0.00


End Uses By Subcategory

,,Subcategory,Electricity [W],Natural Gas [W],Propane [W],District Cooling [W],District Heating [W],Water [m3/s]
,Heating,General,0.00,0.00,0.00,0.00,39406058.04,0.00
,Cooling,General,0.00,0.00,0.00,3611846.47,0.00,0.00
,Interior Lighting,General,1050.00,0.00,0.00,0.00,0.00,0.00
,Exterior Lighting,General,0.00,0.00,0.00,0.00,0.00,0.00
,Interior Equipment,General,2100.00,0.00,0.00,0.00,0.00,0.00
,Exterior Equipment,General,0.00,0.00,0.00,0.00,0.00,0.00
,Fans,Ventilation (simple),0.00,0.00,0.00,0.00,0.00,0.00
,Pumps,General,0.00,0.00,0.00,0.00,0.00,0.00
,Heat Rejection,General,0.00,0.00,0.00,0.00,0.00,0.00
,Humidification,General,0.00,0.00,0.00,0.00,0.00,0.00
,Heat Recovery,General,0.00,0.00,0.00,0.00,0.00,0.00
,Water Systems,General,0.00,0.00,0.00,0.00,0.00,0.00
,Refrigeration,General,0.00,0.00,0.00,0.00,0.00,0.00
,Generators,General,0.00,0.00,0.00,0.00,0.00,0.00


----------------------------------------------------------------------------------------------------
REPORT:,Source Energy End Use Components Summary
FOR:,Entire Facility
Values gathered over      8760.00 hours

Source Energy End Use Components Summary

,,Source Electricity [GJ],Source Natural Gas [GJ],Source Additional Fuel [GJ],Source District Cooling [GJ],Source District Heating [GJ]
,Heating,0.00,0.00,0.00,0.00,574582.23
,Cooling,0.00,0.00,0.00,54.90,0.00
,Interior Lighting,37.49,0.00,0.00,0.00,0.00
,Exterior Lighting,0.00,0.00,0.00,0.00,0.00
,Interior Equipment,81.24,0.00,0.00,0.00,0.00
,Exterior Equipment,0.00,0.00,0.00,0.00,0.00
,Fans,0.00,0.00,0.00,0.00,0.00
,Pumps,0.00,0.00,0.00,0.00,0.00
,Heat Rejection,0.00,0.00,0.00,0.00,0.00
,Humidification,0.00,0.00,0.00,0.00,0.00
,Heat Recovery,0.00,0.00,0.00,0.00,0.00
,Water Systems,0.00,0.00,0.00,0.00,0.00
,Refrigeration,0.00,0.00,0.00,0.00,0.00
,Generators,0.00,0.00,0.00,0.00,0.00
,,,,,,
,Total Source Energy End Use Components,118.73,0.00,0.00,54.90,574582.23


Normalized Metrics
Source Energy End Use Components Per Conditioned Floor Area

,,Source Electricity [MJ/m2],Source Natural Gas [MJ/m2],Source Additional Fuel [MJ/m2],Source District Cooling [MJ/m2],Source District Heating [MJ/m2]
,Heating,0.00,0.00,0.00,0.00,3283327.00
,Cooling,0.00,0.00,0.00,313.69,0.00
,Interior Lighting,214.25,0.00,0.00,0.00,0.00
,Exterior Lighting,0.00,0.00,0.00,0.00,0.00
,Interior Equipment,464.21,0.00,0.00,0.00,0.00
,Exterior Equipment,0.00,0.00,0.00,0.00,0.00
,Fans,0.00,0.00,0.00,0.00,0.00
,Pumps,0.00,0.00,0.00,0.00,0.00
,Heat Rejection,0.00,0.00,0.00,0.00,0.00
,Humidification,0.00,0.00,0.00,0.00,0.00
,Heat Recovery,0.00,0.00,0.00,0.00,0.00
,Water Systems,0.00,0.00,0.00,0.00,0.00
,Refrigeration,0.00,0.00,0.00,0.00,0.00
,Generators,0.00,0.00,0.00,0.00,0.00
,,,,,,
,Total Source Energy End Use Components,678.46,0.00,0.00,313.69,3283327.00


Source Energy End Use Components Per Total Floor Area

,,Source Electricity [MJ/m2],Source Natural Gas [MJ/m2],Source Additional Fuel [MJ/m2],Source District Cooling [MJ/m2],Source District Heating [MJ/m2]
,Heating,0.00,0.00,0.00,0.00,3283327.00
,Cooling,0.00,0.00,0.00,313.69,0.00
,Interior Lighting,214.25,0.00,0.00,0.00,0.00
,Exterior Lighting,0.00,0.00,0.00,0.00,0.00
,Interior Equipment,464.21,0.00,0.00,0.00,0.00
,Exterior Equipment,0.00,0.00,0.00,0.00,0.00
,Fans,0.00,0.00,0.00,0.00,0.00
,Pumps,0.00,0.00,0.00,0.00,0.00
,Heat Rejection,0.00,0.00,0.00,0.00,0.00
,Humidification,0.00,0.00,0.00,0.00,0.00
,Heat Recovery,0.00,0.00,0.00,0.00,0.00
,Water Systems,0.00,0.00,0.00,0.00,0.00
,Refrigeration,0.00,0.00,0.00,0.00,0.00
,Generators,0.00,0.00,0.00,0.00,0.00
,,,,,,
,Total Source Energy End Use Components,678.46,0.00,0.00,313.69,3283327.00


----------------------------------------------------------------------------------------------------
REPORT:,Climatic Data Summary
FOR:,Entire Facility
SizingPeriod:DesignDay

,,Maximum Dry Bulb [C],Daily Temperature Range [deltaC],Humidity Value,Humidity Type,Wind Speed [m/s],Wind Direction
,None,,,,,,


Weather Statistics File

,,Value
,None,


----------------------------------------------------------------------------------------------------
REPORT:,Envelope Summary
FOR:,Entire Facility
Opaque Exterior

,,Construction,Reflectance,U-Factor with Film [W/m2-K],U-Factor no Film [W/m2-K],Gross Area [m2],Net Area [m2],Azimuth [deg],Tilt [deg],Cardinal Direction
,466564015B2F43199C1B,EXTERIOR WALL,0.30,0.221,0.229,30.00,25.20,180.00,90.00,S
,AA69F423B82B48AAAA7E,EXTERIOR WALL,0.30,0.221,0.229,15.00,10.20,180.00,90.00,S
,FD8A070E4BE54D88AE3B,EXTERIOR WALL,0.30,0.221,0.229,30.00,25.20,270.00,90.00,W
,D9E98E2F98CA44578C65,EXTERIOR WALL,0.30,0.221,0.229,15.00,15.00,270.00,90.00,W
,AF6581C9E0E3475DA994,EXTERIOR WALL,0.30,0.221,0.229,30.00,25.20,0.00,90.00,N
,3675D61B3AAB405AA64E,EXTERIOR WALL,0.30,0.221,0.229,30.00,25.20,90.00,90.00,E
,134068DDAD364F55B5A4,EXTERIOR FLOOR,0.30,0.510,0.556,25.00,25.00,90.00,180.00,
,15D536BB1111463BB433,EXTERIOR ROOF,0.50,0.170,0.174,100.00,96.00,180.00,0.00,
,368CA5EB2212437BAC65,EXTERIOR WALL,0.30,0.221,0.229,15.00,15.00,180.00,90.00,S
,E9DEF6BFFD0D4E24982D,EXTERIOR WALL,0.30,0.221,0.229,15.00,10.20,90.00,90.00,E
,6EF94013FE2746C399E9,EXTERIOR FLOOR,0.30,0.510,0.556,25.00,25.00,90.00,180.00,
,65EDE32B890F4F1F9280,EXTERIOR WALL,0.30,0.221,0.229,15.00,15.00,0.00,90.00,N
,E792B52EA48241D382FB,EXTERIOR WALL,0.30,0.221,0.229,15.00,10.20,270.00,90.00,W
,607BDE968C67456E8C5E,EXTERIOR FLOOR,0.30,0.510,0.556,25.00,25.00,90.00,180.00,
,A9013CCDF7514C79B799,EXTERIOR WALL,0.30,0.221,0.229,15.00,15.00,90.00,90.00,E
,0BB252B337B243D1A9CA,EXTERIOR WALL,0.30,0.221,0.229,15.00,10.20,0.00,90.00,N
,92EBA5E7333F41208130,EXTERIOR FLOOR,0.30,0.510,0.556,25.00,25.00,90.00,180.00,


Exterior Fenestration

,,Construction,Glass Area [m2],Frame Area [m2],Divider Area [m2],Area of One Opening [m2],Area of Multiplied Openings [m2],Glass U-Factor [W/m2-K],Glass SHGC,Glass Visible Transmittance,Frame Conductance [W/m2-K],Divider Conductance [W/m2-K],Shade Control,Parent Surface,Azimuth [deg],Tilt [deg],Cardinal Direction
,466564015B2F43199C1B_GLZ_0_F3AAB6FB8BD3451FBA7D,EXTERIOR WINDOW,4.80,0.00,0.00,4.80,4.80,1.600,0.599,0.651,,,No,466564015B2F43199C1B,180.00,90.00,S
,AA69F423B82B48AAAA7E_GLZ_0_706693F7F3F64B68969E,EXTERIOR WINDOW,4.80,0.00,0.00,4.80,4.80,1.600,0.599,0.651,,,No,AA69F423B82B48AAAA7E,180.00,90.00,S
,FD8A070E4BE54D88AE3B_GLZ_0_B285641B64A742589E03,EXTERIOR WINDOW,4.80,0.00,0.00,4.80,4.80,1.600,0.599,0.651,,,No,FD8A070E4BE54D88AE3B,270.00,90.00,W
,AF6581C9E0E3475DA994_GLZ_0_A0DF08794DAE4C1B8D9A,EXTERIOR WINDOW,4.80,0.00,0.00,4.80,4.80,1.600,0.599,0.651,,,No,AF6581C9E0E3475DA994,0.00,90.00,N
,3675D61B3AAB405AA64E_GLZ_0_C015151E9B4341638ED8,EXTERIOR WINDOW,4.80,0.00,0.00,4.80,4.80,1.600,0.599,0.651,,,No,3675D61B3AAB405AA64E,90.00,90.00,E
,15D536BB1111463BB433_GLZ_0_3B1B787BEBAE42D6974C,EXTERIOR WINDOW,4.00,0.00,0.00,4.00,4.00,1.600,0.599,0.651,,,No,15D536BB1111463BB433,180.00,0.00,
,E9DEF6BFFD0D4E24982D_GLZ_0_FACD16C8C8724A7C9FE8,EXTERIOR WINDOW,4.80,0.00,0.00,4.80,4.80,1.600,0.599,0.651,,,No,E9DEF6BFFD0D4E24982D,90.00,90.00,E
,E792B52EA48241D382FB_GLZ_0_1798305B2A5941A4899A,EXTERIOR WINDOW,4.80,0.00,0.00,4.80,4.80,1.600,0.599,0.651,,,No,E792B52EA48241D382FB,270.00,90.00,W
,0BB252B337B243D1A9CA_GLZ_0_F5CF2156590D48F8B885,EXTERIOR WINDOW,4.80,0.00,0.00,4.80,4.80,1.600,0.599,0.651,,,No,0BB252B337B243D1A9CA,0.00,90.00,N
,Total or Average,,,,,,42.40,1.600,0.599,0.651,,,,,,,
,North Total or Average,,,,,,9.60,1.600,0.599,0.651,,,,,,,
,Non-North Total or Average,,,,,,32.80,1.600,0.599,0.651,,,,,,,


Interior Fenestration

,,Construction,Area of One Opening [m2],Area of Openings [m2],Glass U-Factor [W/m2-K],Glass SHGC,Glass Visible Transmittance,Parent Surface
,749EC30EECD34DC4A25C_GLZ_0_7C286FED11CF4D82B23B,INTERIOR WINDOW,1.60,1.60,4.999,0.900,0.901,749EC30EECD34DC4A25C
,1940A526EB2349FCAC1E_GLZ_0_5B10F896F7BD4131A002,INTERIOR WINDOW,1.60,1.60,4.999,0.900,0.901,1940A526EB2349FCAC1E
,1489C5E4864749108183_GLZ_0_F33F73C9CB4C44119EC3,INTERIOR WINDOW,1.60,1.60,4.999,0.900,0.901,1489C5E4864749108183
,9A94ACA56A16440990CD_GLZ_0_BEDFD86103A246C58282,INTERIOR WINDOW,1.60,1.60,4.999,0.900,0.901,9A94ACA56A16440990CD
,Total or Average,,,6.40,4.999,0.900,0.901,


Exterior Door

,,Construction,U-Factor with Film [W/m2-K],U-Factor no Film [W/m2-K],Gross Area [m2],Parent Surface
,None,,,,,


----------------------------------------------------------------------------------------------------
REPORT:,Shading Summary
FOR:,Entire Facility
Sunlit Fraction

,,March 21 9am,March 21 noon,March 21 3pm,June 21 9am,June 21 noon,June 21 3pm,December 21 9am,December 21 noon,December 21 3pm
,466564015B2F43199C1B_GLZ_0_F3AAB6FB8BD3451FBA7D,1.00,1.00,1.00,1.00,1.00,1.00,1.00,1.00,1.00
,AA69F423B82B48AAAA7E_GLZ_0_706693F7F3F64B68969E,1.00,1.00,1.00,1.00,1.00,1.00,1.00,1.00,1.00
,FD8A070E4BE54D88AE3B_GLZ_0_B285641B64A742589E03,0.00,0.00,1.00,0.00,0.00,1.00,0.00,0.00,1.00
,AF6581C9E0E3475DA994_GLZ_0_A0DF08794DAE4C1B8D9A,0.00,0.00,0.00,0.00,0.00,0.00,0.00,0.00,0.00
,3675D61B3AAB405AA64E_GLZ_0_C015151E9B4341638ED8,1.00,1.00,0.00,1.00,1.00,0.00,1.00,1.00,0.00
,749EC30EECD34DC4A25C_GLZ_0_7C286FED11CF4D82B23B,0.00,0.00,0.00,0.00,0.00,0.00,0.00,0.00,0.00
,15D536BB1111463BB433_GLZ_0_3B1B787BEBAE42D6974C,1.00,1.00,1.00,1.00,1.00,1.00,1.00,1.00,1.00
,E9DEF6BFFD0D4E24982D_GLZ_0_FACD16C8C8724A7C9FE8,1.00,1.00,0.00,1.00,1.00,0.00,1.00,1.00,0.00
,1940A526EB2349FCAC1E_GLZ_0_5B10F896F7BD4131A002,0.00,0.00,0.00,0.00,0.00,0.00,0.00,0.00,0.00
,E792B52EA48241D382FB_GLZ_0_1798305B2A5941A4899A,0.00,0.00,1.00,0.00,0.00,1.00,0.00,0.00,1.00
,1489C5E4864749108183_GLZ_0_F33F73C9CB4C44119EC3,0.00,0.00,0.00,0.00,0.00,0.00,0.00,0.00,0.00
,0BB252B337B243D1A9CA_GLZ_0_F5CF2156590D48F8B885,0.00,0.00,0.00,0.00,0.00,0.00,0.00,0.00,0.00
,9A94ACA56A16440990CD_GLZ_0_BEDFD86103A246C58282,0.00,0.00,0.00,0.00,0.00,0.00,0.00,0.00,0.00


Window Control

,,Name,Type,Shaded Construction,Control,Glare Control
,None,,,,,


----------------------------------------------------------------------------------------------------
REPORT:,Lighting Summary
FOR:,Entire Facility
Interior Lighting

,,Zone,Lighting Power Density [W/m2],Zone Area [m2],Total Power [W],End Use Subcategory,Schedule Name,Scheduled Hours/Week [hr],Hours/Week > 1% [hr],Full Load Hours/Week [hr],Return Air Fraction,Conditioned (Y/N),Consumption [GJ]
,ZONE1 LIGHTINGGAIN,ZONE1,6.0000,100.00,600.00,General,LIGHTINGGAINYEAR,60.07,60.07,60.07,0.0000,Y,6.77
,ZONE2 LIGHTINGGAIN,ZONE2,6.0000,25.00,150.00,General,LIGHTINGGAINYEAR,60.07,60.07,60.07,0.0000,Y,1.69
,ZONE3 LIGHTINGGAIN,ZONE3,6.0000,25.00,150.00,General,LIGHTINGGAINYEAR,60.07,60.07,60.07,0.0000,Y,1.69
,ZONE4 LIGHTINGGAIN,ZONE4,6.0000,25.00,150.00,General,LIGHTINGGAINYEAR,60.07,60.07,60.07,0.0000,Y,1.69
,Interior Lighting Total,,6.0000,175.00,1050.00,,,,,,,,11.84


Daylighting

,,Zone,Control Name,Daylighting Method,Control Type,Fraction Controlled,Lighting Installed in Zone [W],Lighting Controlled [W]
,None,,,,,,,


Exterior Lighting

,,Total Watts,Astronomical Clock/Schedule,Schedule Name,Scheduled Hours/Week [hr],Hours/Week > 1% [hr],Full Load Hours/Week [hr],Consumption [GJ]
,Exterior Lighting Total,0.00,,,,,,0.00


----------------------------------------------------------------------------------------------------
REPORT:,Equipment Summary
FOR:,Entire Facility
Central Plant

,,Type,Nominal Capacity [W],Nominal Efficiency [W/W],IPLV in SI Units [W/W],IPLV in IP Units [Btu/W-h]
,None,,,,,


Cooling Coils

,,Type,Design Coil Load [W],Nominal Total Capacity [W],Nominal Sensible Capacity [W],Nominal Latent Capacity [W],Nominal Sensible Heat Ratio,Nominal Efficiency [W/W],Nominal Coil UA Value [W/C],Nominal Coil Surface Area [m2]
,None,,,,,,,,,


DX Cooling Coils

,,DX Cooling Coil Type,Standard Rated Net Cooling Capacity [W],Standard Rated Net COP [W/W],EER [Btu/W-h],SEER [Btu/W-h],IEER [Btu/W-h]
,None,,,,,,


DX Cooling Coil ASHRAE 127 Standard Ratings Report

,,DX Cooling Coil Type,Rated Net Cooling Capacity Test A [W],Rated Electric Power Test A [W],Rated Net Cooling Capacity Test B [W],Rated Electric Power Test B [W],Rated Net Cooling Capacity Test C [W],Rated Electric Power Test C [W],Rated Net Cooling Capacity Test D [W],Rated Electric Power Test D [W]
,None,,,,,,,,,


DX Heating Coils

,,DX Heating Coil Type,High Temperature Heating (net) Rating Capacity [W],Low Temperature Heating (net) Rating Capacity [W],HSPF [Btu/W-h],Region Number
,None,,,,,


Heating Coils

,,Type,Design Coil Load [W],Nominal Total Capacity [W],Nominal Efficiency [W/W]
,None,,,,


Fans

,,Type,Total Efficiency [W/W],Delta Pressure [pa],Max Air Flow Rate [m3/s],Rated Electric Power [W],Rated Power Per Max Air Flow Rate [W-s/m3],Motor Heat In Air Fraction,End Use
,None,,,,,,,,


Pumps

,,Type,Control,Head [pa],Water Flow [m3/s],Electric Power [W],Power Per Water Flow Rate [W-s/m3],Motor Efficiency [W/W]
,None,,,,,,,


Service Water Heating

,,Type,Storage Volume [m3],Input [W],Thermal Efficiency [W/W],Recovery Efficiency [W/W],Energy Factor
,None,,,,,,


----------------------------------------------------------------------------------------------------
REPORT:,HVAC Sizing Summary
FOR:,Entire Facility
Zone Sensible Cooling

,,Calculated Design Load [W],User Design Load [W],User Design Load per Area [W/m2],Calculated Design Air Flow [m3/s],User Design Air Flow [m3/s],Design Day Name,Date/Time Of Peak {TIMESTAMP},Thermostat Setpoint Temperature at Peak Load [C],Indoor Temperature at Peak Load [C],Indoor Humidity Ratio at Peak Load [kgWater/kgAir],Outdoor Temperature at Peak Load [C],Outdoor Humidity Ratio at Peak Load [kgWater/kgAir],Minimum Outdoor Air Flow Rate [m3/s],Heat Gain Rate from DOAS [W]
,None,,,,,,,,,,,,,,
The Design Load is the zone sensible load only. It does not include any system effects or ventilation loads.


Zone Sensible Heating

,,Calculated Design Load [W],User Design Load [W],User Design Load per Area [W/m2],Calculated Design Air Flow [m3/s],User Design Air Flow [m3/s],Design Day Name,Date/Time Of Peak {TIMESTAMP},Thermostat Setpoint Temperature at Peak Load [C],Indoor Temperature at Peak Load [C],Indoor Humidity Ratio at Peak Load [kgWater/kgAir],Outdoor Temperature at Peak Load [C],Outdoor Humidity Ratio at Peak Load [kgWater/kgAir],Minimum Outdoor Air Flow Rate [m3/s],Heat Gain Rate from DOAS [W]
,None,,,,,,,,,,,,,,
The Design Load is the zone sensible load only. It does not include any system effects or ventilation loads.


System Design Air Flow Rates

,,Calculated cooling [m3/s],User cooling [m3/s],Calculated heating [m3/s],User heating [m3/s]
,None,,,,


Plant Loop Coincident Design Fluid Flow Rate Adjustments

,,Previous Design Volume Flow Rate [m3/s],Algorithm Volume Flow Rate [m3/s],Coincident Design Volume Flow Rate [m3/s],Coincident Size Adjusted,Peak Sizing Period Name,Peak Day into Period {TIMESTAMP}[day],Peak Hour Of Day {TIMESTAMP}[hr],Peak Step Start Minute {TIMESTAMP}[min]
,None,,,,,,,,


----------------------------------------------------------------------------------------------------
REPORT:,System Summary
FOR:,Entire Facility
Economizer

,,High Limit Shutoff Control,Minimum Outdoor Air [m3/s],Maximum Outdoor Air [m3/s],Return Air Temp Limit,Return Air Enthalpy Limit,Outdoor Air Temperature Limit [C],Outdoor Air Enthalpy Limit [C]
,None,,,,,,,


Demand Controlled Ventilation using Controller:MechanicalVentilation

,,Controller:MechanicalVentilation Name,Outdoor Air Per Person [m3/s-person],Outdoor Air Per Area [m3/s-m2],Outdoor Air Per Zone [m3/s],Outdoor Air ACH [ach],Outdoor Air Method,Outdoor Air Schedule Name,Air Distribution Effectiveness in Cooling Mode,Air Distribution Effectiveness in Heating Mode,Air Distribution Effectiveness Schedule Name
,None,,,,,,,,,,


Time Not Comfortable Based on Simple ASHRAE 55-2004

,,Winter Clothes [hr],Summer Clothes [hr],Summer or Winter Clothes [hr]
,ZONE1,1367.50,3074.17,1338.00
,ZONE2,1592.17,3101.50,1577.50
,ZONE3,1531.17,3067.00,1491.67
,ZONE4,1709.50,3111.33,1703.50
,Facility,1759.00,3111.33,1717.67
Aggregated over the RunPeriods for Weather


Time Setpoint Not Met

,,During Heating [hr],During Cooling [hr],During Occupied Heating [hr],During Occupied Cooling [hr]
,ZONE1,0.00,0.00,0.00,0.00
,ZONE2,0.00,0.00,0.00,0.00
,ZONE3,0.00,0.00,0.00,0.00
,ZONE4,0.00,0.00,0.00,0.00
,Facility,0.00,0.00,0.00,0.00
Aggregated over the RunPeriods for Weather


----------------------------------------------------------------------------------------------------
REPORT:,Outdoor Air Summary
FOR:,Entire Facility
Average Outdoor Air During Occupied Hours

,,Average Number of Occupants,Nominal Number of Occupants,Zone Volume [m3],Mechanical Ventilation [ach],Infiltration [ach],AFN Infiltration [ach],Simple Ventilation [ach]
,ZONE1,36.46,50.00,375.00,6.650,0.000,0.000,6807.700
,ZONE2,9.11,12.50,75.00,8.313,0.000,0.000,8509.183
,ZONE3,9.11,12.50,75.00,8.313,0.000,0.000,8509.188
,ZONE4,9.11,12.50,75.00,8.313,0.000,0.000,8509.181
Values shown for a single zone without multipliers


Minimum Outdoor Air During Occupied Hours

,,Average Number of Occupants,Nominal Number of Occupants,Zone Volume [m3],Mechanical Ventilation [ach],Infiltration [ach],AFN Infiltration [ach],Simple Ventilation [ach]
,ZONE1,36.46,50.00,375.00,0.000,0.000,0.000,0.037
,ZONE2,9.11,12.50,75.00,0.000,0.000,0.000,0.046
,ZONE3,9.11,12.50,75.00,0.000,0.000,0.000,0.046
,ZONE4,9.11,12.50,75.00,0.000,0.000,0.000,0.046
Values shown for a single zone without multipliers


----------------------------------------------------------------------------------------------------
REPORT:,Object Count Summary
FOR:,Entire Facility
Surfaces by Class

,,Total,Outdoors
,Wall,52,12
,Floor,7,4
,Roof,4,1
,Internal Mass,0,0
,Building Detached Shading,0,0
,Fixed Detached Shading,0,0
,Window,13,9
,Door,0,0
,Glass Door,0,0
,Shading,0,0
,Overhang,0,0
,Fin,0,0
,Tubular Daylighting Device Dome,0,0
,Tubular Daylighting Device Diffuser,0,0


HVAC

,,Count
,HVAC Air Loops,0
,Conditioned Zones,4
,Unconditioned Zones,0
,Supply Plenums,0
,Return Plenums,0


Input Fields

,,Count
,IDF Objects,214
,Defaulted Fields,16
,Fields with Defaults,980
,Autosized Fields,0
,Autosizable Fields,16
,Autocalculated Fields,76
,Autocalculatable Fields,153


----------------------------------------------------------------------------------------------------
REPORT:,Energy Meters
FOR:,Entire Facility
Annual and Peak Values - Electricity

,,Electricity Annual Value [GJ],Electricity Minimum Value [W],Timestamp of Minimum {TIMESTAMP},Electricity Maximum Value [W],Timestamp of Maximum {TIMESTAMP}
,Electricity:Facility,37.49,0.00,01-JAN-00:10,3150.00,01-JAN-07:10
,Electricity:Building,37.49,0.00,01-JAN-00:10,3150.00,01-JAN-07:10
,Electricity:Zone:ZONE1,21.42,0.00,01-JAN-00:10,1800.00,01-JAN-07:10
,InteriorLights:Electricity,11.84,0.00,01-JAN-00:10,1050.00,01-JAN-07:10
,InteriorLights:Electricity:Zone:ZONE1,6.77,0.00,01-JAN-00:10,600.00,01-JAN-07:10
,General:InteriorLights:Electricity,11.84,0.00,01-JAN-00:10,1050.00,01-JAN-07:10
,Electricity:Zone:ZONE2,5.36,0.00,01-JAN-00:10,450.00,01-JAN-07:10
,InteriorLights:Electricity:Zone:ZONE2,1.69,0.00,01-JAN-00:10,150.00,01-JAN-07:10
,Electricity:Zone:ZONE3,5.36,0.00,01-JAN-00:10,450.00,01-JAN-07:10
,InteriorLights:Electricity:Zone:ZONE3,1.69,0.00,01-JAN-00:10,150.00,01-JAN-07:10
,Electricity:Zone:ZONE4,5.36,0.00,01-JAN-00:10,450.00,01-JAN-07:10
,InteriorLights:Electricity:Zone:ZONE4,1.69,0.00,01-JAN-00:10,150.00,01-JAN-07:10
,InteriorEquipment:Electricity,25.65,0.00,01-JAN-00:10,2100.00,01-JAN-07:10
,InteriorEquipment:Electricity:Zone:ZONE1,14.66,0.00,01-JAN-00:10,1200.00,01-JAN-07:10
,General:InteriorEquipment:Electricity,25.65,0.00,01-JAN-00:10,2100.00,01-JAN-07:10
,InteriorEquipment:Electricity:Zone:ZONE2,3.66,0.00,01-JAN-00:10,300.00,01-JAN-07:10
,InteriorEquipment:Electricity:Zone:ZONE3,3.66,0.00,01-JAN-00:10,300.00,01-JAN-07:10
,InteriorEquipment:Electricity:Zone:ZONE4,3.66,0.00,01-JAN-00:10,300.00,01-JAN-07:10
,Fans:Electricity,0.00,0.00,01-JAN-00:10,0.00,01-JAN-00:10
,Fans:Electricity:Zone:ZONE1,0.00,0.00,01-JAN-00:10,0.00,01-JAN-00:10
,Ventilation (simple):Fans:Electricity,0.00,0.00,01-JAN-00:10,0.00,01-JAN-00:10
,Fans:Electricity:Zone:ZONE2,0.00,0.00,01-JAN-00:10,0.00,01-JAN-00:10
,Fans:Electricity:Zone:ZONE3,0.00,0.00,01-JAN-00:10,0.00,01-JAN-00:10
,Fans:Electricity:Zone:ZONE4,0.00,0.00,01-JAN-00:10,0.00,01-JAN-00:10
,ElectricityPurchased:Facility,37.49,0.00,01-JAN-00:10,3150.00,01-JAN-07:10
,ElectricityPurchased:Plant,37.49,0.00,01-JAN-00:10,3150.00,01-JAN-07:10
,Cogeneration:ElectricityPurchased,37.49,0.00,01-JAN-00:10,3150.00,01-JAN-07:10
,ElectricitySurplusSold:Facility,0.00,0.00,01-JAN-00:10,0.00,01-JAN-00:10
,ElectricitySurplusSold:Plant,0.00,0.00,01-JAN-00:10,0.00,01-JAN-00:10
,Cogeneration:ElectricitySurplusSold,0.00,0.00,01-JAN-00:10,0.00,01-JAN-00:10
,ElectricityNet:Facility,37.49,0.00,01-JAN-00:10,3150.00,01-JAN-07:10
,ElectricityNet:Plant,37.49,0.00,01-JAN-00:10,3150.00,01-JAN-07:10
,Cogeneration:ElectricityNet,37.49,0.00,01-JAN-00:10,3150.00,01-JAN-07:10


Annual and Peak Values - Gas

,,Gas Annual Value [GJ],Gas Minimum Value [W],Timestamp of Minimum {TIMESTAMP},Gas Maximum Value [W],Timestamp of Maximum {TIMESTAMP}
,None,,,,,


Annual and Peak Values - Cooling

,,Cooling Annual Value [GJ],Cooling Minimum Value [W],Timestamp of Minimum {TIMESTAMP},Cooling Maximum Value [W],Timestamp of Maximum {TIMESTAMP}
,DistrictCooling:Facility,52.00,0.00,01-JAN-00:10,3611846.47,20-JUL-18:00
,DistrictCooling:HVAC,52.00,0.00,01-JAN-00:10,3611846.47,20-JUL-18:00
,Cooling:DistrictCooling,52.00,0.00,01-JAN-00:10,3611846.47,20-JUL-18:00


Annual and Peak Values - Water

,,Annual Value [m3],Minimum Value [m3/s],Timestamp of Minimum {TIMESTAMP},Maximum Value [m3/s],Timestamp of Maximum {TIMESTAMP}
,None,,,,,


Annual and Peak Values - Other by Weight/Mass

,,Annual Value [kg],Minimum Value [kg/s],Timestamp of Minimum {TIMESTAMP},Maximum Value [kg/s],Timestamp of Maximum {TIMESTAMP}
,Carbon Equivalent:Facility,0.00,0.000,01-JAN-00:10,0.000,01-JAN-00:10
,CarbonEquivalentEmissions:Carbon Equivalent,0.00,0.000,01-JAN-00:10,0.000,01-JAN-00:10


Annual and Peak Values - Other Volumetric

,,Annual Value [m3],Minimum Value [m3/s],Timestamp of Minimum {TIMESTAMP},Maximum Value [m3/s],Timestamp of Maximum {TIMESTAMP}
,None,,,,,


Annual and Peak Values - Other Liquid/Gas

,,Annual Value [L],Minimum Value [L],Timestamp of Minimum {TIMESTAMP},Maximum Value [L],Timestamp of Maximum {TIMESTAMP}
,None,,,,,


Annual and Peak Values - Other

,,Annual Value [GJ],Minimum Value [W],Timestamp of Minimum {TIMESTAMP},Maximum Value [W],Timestamp of Maximum {TIMESTAMP}
,EnergyTransfer:Facility,158940.66,0.00,01-JAN-00:10,39370193.39,14-FEB-09:00
,EnergyTransfer:Building,158940.66,0.00,01-JAN-00:10,39370193.39,14-FEB-09:00
,EnergyTransfer:Zone:ZONE1,90889.51,0.00,01-JAN-00:10,22504353.42,14-FEB-09:00
,Heating:EnergyTransfer,158888.96,0.00,01-JAN-00:10,39370193.39,14-FEB-09:00
,Heating:EnergyTransfer:Zone:ZONE1,90860.16,0.00,01-JAN-00:10,22504353.42,14-FEB-09:00
,Cooling:EnergyTransfer,51.69,0.00,01-JAN-00:10,3608153.42,20-JUL-18:00
,Cooling:EnergyTransfer:Zone:ZONE1,29.36,0.00,01-JAN-00:10,2056357.90,20-JUL-18:00
,EnergyTransfer:Zone:ZONE2,22683.54,0.00,01-JAN-00:10,5621907.49,14-FEB-09:00
,Heating:EnergyTransfer:Zone:ZONE2,22676.10,0.00,01-JAN-00:10,5621907.49,14-FEB-09:00
,Cooling:EnergyTransfer:Zone:ZONE2,7.44,0.00,01-JAN-00:10,517160.18,20-JUL-18:00
,EnergyTransfer:Zone:ZONE3,22683.30,0.00,01-JAN-00:10,5621962.06,14-FEB-09:00
,Heating:EnergyTransfer:Zone:ZONE3,22675.83,0.00,01-JAN-00:10,5621962.06,14-FEB-09:00
,Cooling:EnergyTransfer:Zone:ZONE3,7.47,0.00,01-JAN-00:10,517687.57,20-JUL-18:00
,EnergyTransfer:Zone:ZONE4,22684.30,0.00,01-JAN-00:10,5621970.43,14-FEB-09:00
,Heating:EnergyTransfer:Zone:ZONE4,22676.87,0.00,01-JAN-00:10,5621970.43,14-FEB-09:00
,Cooling:EnergyTransfer:Zone:ZONE4,7.43,0.00,01-JAN-00:10,516947.77,20-JUL-18:00
,DistrictHeating:Facility,159017.22,0.00,01-JAN-00:10,39406058.04,14-FEB-09:00
,DistrictHeating:HVAC,159017.22,0.00,01-JAN-00:10,39406058.04,14-FEB-09:00
,Heating:DistrictHeating,159017.22,0.00,01-JAN-00:10,39406058.04,14-FEB-09:00


----------------------------------------------------------------------------------------------------
REPORT:,Sensible Heat Gain Summary
FOR:,Entire Facility
Annual Building Sensible Heat Gain Components

,,HVAC Zone Eq & Other Sensible Air Heating [GJ],HVAC Zone Eq & Other Sensible Air Cooling [GJ],HVAC Terminal Unit Sensible Air Heating [GJ],HVAC Terminal Unit Sensible Air Cooling [GJ],HVAC Input Heated Surface Heating [GJ],HVAC Input Cooled Surface Cooling [GJ],People Sensible Heat Addition [GJ],Lights Sensible Heat Addition [GJ],Equipment Sensible Heat Addition [GJ],Window Heat Addition [GJ],Interzone Air Transfer Heat Addition [GJ],Infiltration Heat Addition [GJ],Opaque Surface Conduction and Other Heat Addition [GJ],Equipment Sensible Heat Removal [GJ],Window Heat Removal [GJ],Interzone Air Transfer Heat Removal [GJ],Infiltration Heat Removal [GJ],Opaque Surface Conduction and Other Heat Removal [GJ]
,ZONE1,90858.555,-29.356,0.000,0.000,0.000,0.000,17.787,6.765,2.199,27.167,0.790,29.189,0.002,0.000,-8.981,-0.157,-90891.858,-12.098
,ZONE2,22675.723,-7.437,0.000,0.000,0.000,0.000,4.447,1.691,0.550,2.660,0.081,7.415,0.000,0.000,-1.525,-0.236,-22683.350,-0.018
,ZONE3,22675.462,-7.468,0.000,0.000,0.000,0.000,4.447,1.691,0.550,6.554,0.105,7.413,0.000,0.000,-1.590,-0.701,-22683.981,-2.483
,ZONE4,22676.486,-7.430,0.000,0.000,0.000,0.000,4.447,1.691,0.550,1.984,0.244,7.415,0.000,0.000,-1.528,-0.084,-22683.210,-0.565
,Total Facility,158886.226,-51.691,0.000,0.000,0.000,0.000,31.127,11.839,3.848,38.365,1.220,51.432,0.003,0.000,-13.624,-1.178,-158942.400,-15.163


Peak Cooling Sensible Heat Gain Components

,,Time of Peak {TIMESTAMP},HVAC Zone Eq & Other Sensible Air Heating [W],HVAC Zone Eq & Other Sensible Air Cooling [W],HVAC Terminal Unit Sensible Air Heating [W],HVAC Terminal Unit Sensible Air Cooling [W],HVAC Input Heated Surface Heating [W],HVAC Input Cooled Surface Cooling [W],People Sensible Heat Addition [W],Lights Sensible Heat Addition [W],Equipment Sensible Heat Addition [W],Window Heat Addition [W],Interzone Air Transfer Heat Addition [W],Infiltration Heat Addition [W],Opaque Surface Conduction and Other Heat Addition [W],Equipment Sensible Heat Removal [W],Window Heat Removal [W],Interzone Air Transfer Heat Removal [W],Infiltration Heat Removal [W],Opaque Surface Conduction and Other Heat Removal [W]
,ZONE1,20-JUL-18:00,0.00,-2056384.23,0.00,0.00,0.00,0.00,540.87,600.00,180.00,3264.40,0.00,2052655.60,0.00,0.00,-0.00,-0.00,0.00,-856.64
,ZONE2,20-JUL-18:00,0.00,-517166.81,0.00,0.00,0.00,0.00,135.22,150.00,45.00,171.23,0.00,516537.71,127.65,0.00,-0.00,0.00,0.00,0.00
,ZONE3,20-JUL-18:00,0.00,-517694.20,0.00,0.00,0.00,0.00,135.22,150.00,45.00,2070.54,0.00,516537.71,0.00,0.00,-0.00,-0.00,0.00,-1244.27
,ZONE4,20-JUL-18:00,0.00,-516954.38,0.00,0.00,0.00,0.00,135.22,150.00,45.00,291.38,0.00,516537.71,0.00,0.00,-0.00,-0.00,0.00,-204.92
,Total Facility,20-JUL-18:00,0.00,-3608199.62,0.00,0.00,0.00,0.00,946.51,1050.00,315.00,5797.55,0.00,3602268.72,0.00,0.00,0.00,-0.00,0.00,-2178.17


Peak Heating Sensible Heat Gain Components

,,Time of Peak {TIMESTAMP},HVAC Zone Eq & Other Sensible Air Heating [W],HVAC Zone Eq & Other Sensible Air Cooling [W],HVAC Terminal Unit Sensible Air Heating [W],HVAC Terminal Unit Sensible Air Cooling [W],HVAC Input Heated Surface Heating [W],HVAC Input Cooled Surface Cooling [W],People Sensible Heat Addition [W],Lights Sensible Heat Addition [W],Equipment Sensible Heat Addition [W],Window Heat Addition [W],Interzone Air Transfer Heat Addition [W],Infiltration Heat Addition [W],Opaque Surface Conduction and Other Heat Addition [W],Equipment Sensible Heat Removal [W],Window Heat Removal [W],Interzone Air Transfer Heat Removal [W],Infiltration Heat Removal [W],Opaque Surface Conduction and Other Heat Removal [W]
,ZONE1,14-FEB-09:00,22504128.16,0.00,0.00,0.00,0.00,0.00,2163.46,600.00,180.00,303.83,0.00,0.00,0.00,0.00,-0.00,0.00,-22504944.23,-2431.23
,ZONE2,14-FEB-09:00,5621851.23,0.00,0.00,0.00,0.00,0.00,540.87,150.00,45.00,246.15,0.00,0.00,0.00,0.00,-0.00,-0.00,-5622138.76,-694.48
,ZONE3,14-FEB-09:00,5621905.80,0.00,0.00,0.00,0.00,0.00,540.87,150.00,45.00,0.00,0.00,0.00,0.00,0.00,-94.38,0.00,-5622138.76,-408.53
,ZONE4,14-FEB-09:00,5621914.17,0.00,0.00,0.00,0.00,0.00,540.87,150.00,45.00,0.00,0.00,0.00,0.00,0.00,-90.54,0.00,-5622138.76,-420.74
,Total Facility,14-FEB-09:00,39369799.36,0.00,0.00,0.00,0.00,0.00,3786.06,1050.00,315.00,549.98,0.00,0.00,0.00,0.00,-184.92,-0.00,-39371360.50,-3954.98


----------------------------------------------------------------------------------------------------
REPORT:,LEED Summary
FOR:,Entire Facility
Sec1.1A-General Information

,,Data
,Weather File,PARAMETRIC RUN ** CARDIFF GBR CIBSE_TRY05 WMO#=NA
,Total gross floor area [m2],175.00
,Principal Heating Source,District Heat


EAp2-1. Space Usage Type

,,Space Area [m2],Regularly Occupied Area [m2],Unconditioned Area [m2],Typical Hours/Week in Operation [hr/wk]
,ZONE1,100.00,100.00,0.00,60.07
,ZONE2,25.00,25.00,0.00,60.07
,ZONE3,25.00,25.00,0.00,60.07
,ZONE4,25.00,25.00,0.00,60.07
,Totals,175.00,175.00,0.00,


EAp2-2. Advisory Messages

,,Data
,Number of hours heating loads not met,0.00
,Number of hours cooling loads not met,0.00
,Number of hours not met,0.00


EAp2-3. Energy Type Summary

,,Utility Rate,Virtual Rate [$/unit energy],Units of Energy,Units of Demand
,None,,,,


EAp2-4/5. Performance Rating Method Compliance

,,Electric Energy Use [GJ],Electric Demand [W],Natural Gas Energy Use [GJ],Natural Gas Demand [W],Additional Fuel Use [GJ],Additional Fuel Demand [W],District Cooling Use [GJ],District Cooling Demand [W],District Heating Use [GJ],District Heating Demand [W]
,Heating -- Not Subdivided,0.00,0.00,0.00,0.00,0.00,0.00,0.00,0.00,159017.22,39406058.04
,Cooling -- Not Subdivided,0.00,0.00,0.00,0.00,0.00,0.00,52.00,3611846.47,0.00,0.00
,Interior Lighting -- General,11.84,1050.00,0.00,0.00,0.00,0.00,0.00,0.00,0.00,0.00
,Exterior Lighting -- Not Subdivided,0.00,0.00,0.00,0.00,0.00,0.00,0.00,0.00,0.00,0.00
,Interior Equipment -- General,25.65,2100.00,0.00,0.00,0.00,0.00,0.00,0.00,0.00,0.00
,Exterior Equipment -- Not Subdivided,0.00,0.00,0.00,0.00,0.00,0.00,0.00,0.00,0.00,0.00
,Fans -- Ventilation (simple),0.00,0.00,0.00,0.00,0.00,0.00,0.00,0.00,0.00,0.00
,Pumps -- Not Subdivided,0.00,0.00,0.00,0.00,0.00,0.00,0.00,0.00,0.00,0.00
,Heat Rejection -- Not Subdivided,0.00,0.00,0.00,0.00,0.00,0.00,0.00,0.00,0.00,0.00
,Humidification -- Not Subdivided,0.00,0.00,0.00,0.00,0.00,0.00,0.00,0.00,0.00,0.00
,Heat Recovery -- Not Subdivided,0.00,0.00,0.00,0.00,0.00,0.00,0.00,0.00,0.00,0.00
,Water Systems -- Not Subdivided,0.00,0.00,0.00,0.00,0.00,0.00,0.00,0.00,0.00,0.00
,Refrigeration -- Not Subdivided,0.00,0.00,0.00,0.00,0.00,0.00,0.00,0.00,0.00,0.00
,Generators -- Not Subdivided,0.00,0.00,0.00,0.00,0.00,0.00,0.00,0.00,0.00,0.00


EAp2-6. Energy Use Summary

,,Process Subtotal [GJ],Total Energy Use [GJ]
,Electricity,25.65,37.49
,Natural Gas,0.00,0.00
,Additional,0.00,159069.22
,Total,25.65,159106.71


EAp2-7. Energy Cost Summary

,,Process Subtotal [$],Total Energy Cost [$]
,Electricity,0.00,
,Natural Gas,0.00,
,Additional,0.00,
,Total,0.00,
Process energy cost based on ratio of process to total energy.


L-1. Renewable Energy Source Summary

,,Rated Capacity [kW],Annual Energy Generated [GJ]
,Photovoltaic,0.00,0.00
,Wind,0.00,0.00


EAp2-17a. Energy Use Intensity - Electricity

,,Electricty [MJ/m2]
,Interior Lighting (All),67.65
,Space Heating,0.00
,Space Cooling,0.00
,Fans (All),0.00
,Service Water Heating,0.00
,Receptacle Equipment,146.58
,Miscellaneous (All),214.23
,Subtotal,214.23


EAp2-17b. Energy Use Intensity - Natural Gas

,,Natural Gas [MJ/m2]
,Space Heating,0.00
,Service Water Heating,0.00
,Miscellaneous (All),0.00
,Subtotal,0.00


EAp2-17c. Energy Use Intensity - Additional

,,Additional [MJ/m2]
,Subtotal,0.00
,Miscellaneous,0.00


EAp2-18. End Use Percentage

,,Percent [%]
,Interior Lighting (All),0.01
,Space Heating,99.94
,Space Cooling,0.03
,Fans (All),0.00
,Service Water Heating,0.00
,Receptacle Equipment,0.02
,Miscellaneous,0.00


Schedules-Equivalent Full Load Hours (Schedule Type=Fraction)

,,Equivalent Full Load Hours of Operation Per Year [hr],Hours > 1% [hr]
,None,,


Schedules-SetPoints (Schedule Type=Temperature)

,,First Object Used,Month Assumed,11am First Wednesday [C],Days with Same 11am Value,11pm First Wednesday [C],Days with Same 11pm Value
,HEATINGSETPOINTYEAR,ZONE1_HVAC DUAL SP CONTROL,January,20.00,365,16.00,365
,COOLINGSETPOINTYEAR,ZONE1_HVAC DUAL SP CONTROL,July,24.00,365,100.00,365


----------------------------------------------------------------------------------------------------
REPORT:,Component Sizing Summary
FOR:,Entire Facility
----------------------------------------------------------------------------------------------------
REPORT:,Surface Shadowing Summary
FOR:,Entire Facility
Surfaces (Walls, Roofs, etc) that may be Shadowed by Other Surfaces

,,None


Subsurfaces (Windows and Doors) that may be Shadowed by Surfaces

,,Possible Shadow Receivers
,466564015B2F43199C1B,466564015B2F43199C1B_GLZ_0_F3AAB6FB8BD3451FBA7D |
,AA69F423B82B48AAAA7E,AA69F423B82B48AAAA7E_GLZ_0_706693F7F3F64B68969E |
,FD8A070E4BE54D88AE3B,FD8A070E4BE54D88AE3B_GLZ_0_B285641B64A742589E03 |
,AF6581C9E0E3475DA994,AF6581C9E0E3475DA994_GLZ_0_A0DF08794DAE4C1B8D9A |
,3675D61B3AAB405AA64E,3675D61B3AAB405AA64E_GLZ_0_C015151E9B4341638ED8 |
,15D536BB1111463BB433,15D536BB1111463BB433_GLZ_0_3B1B787BEBAE42D6974C |
,E9DEF6BFFD0D4E24982D,E9DEF6BFFD0D4E24982D_GLZ_0_FACD16C8C8724A7C9FE8 |
,E792B52EA48241D382FB,E792B52EA48241D382FB_GLZ_0_1798305B2A5941A4899A |
,0BB252B337B243D1A9CA,0BB252B337B243D1A9CA_GLZ_0_F5CF2156590D48F8B885 |


----------------------------------------------------------------------------------------------------
REPORT:,Adaptive Comfort Summary
FOR:,Entire Facility
Time Not Meeting the Adaptive Comfort Models during Occupied Hours

,,ASHRAE55 90% Acceptability Limits [Hours],ASHRAE55 80% Acceptability Limits  [Hours],CEN15251 Category I Acceptability Limits [Hours],CEN15251 Category II Acceptability Limits [Hours],CEN15251 Category III Acceptability Limits [Hours]


----------------------------------------------------------------------------------------------------
REPORT:,Initialization Summary
FOR:,Entire Facility
Version

,,Version ID
,           1,8.8.0


Timesteps per Hour

,,#TimeSteps,Minutes per TimeStep {minutes}
,           1,6,10


System Convergence Limits

,,Minimum System TimeStep {minutes},Max HVAC Iterations,Minimum Plant Iterations,Maximum Plant Iterations
,           1,1,20,2,8


Simulation Control

,,Do Zone Sizing,Do System Sizing,Do Plant Sizing,Do Design Days,Do Weather Simulation,Do HVAC Sizing Simulation
,           1,No,No,No,No,Yes,No


Output Reporting Tolerances

,,Tolerance for Time Heating Setpoint Not Met,Tolerance for Zone Cooling Setpoint Not Met Time
,           1,0.200,0.200


Site:GroundTemperature:BuildingSurface

,,Jan{C},Feb{C},Mar{C},Apr{C},May{C},Jun{C},Jul{C},Aug{C},Sep{C},Oct{C},Nov{C},Dec{C}
,           1,18.00,18.00,18.00,18.00,18.00,18.00,18.00,18.00,18.00,18.00,18.00,18.00


Site:GroundTemperature:Shallow

,,Jan{C},Feb{C},Mar{C},Apr{C},May{C},Jun{C},Jul{C},Aug{C},Sep{C},Oct{C},Nov{C},Dec{C}
,           1,13.00,13.00,13.00,13.00,13.00,13.00,13.00,13.00,13.00,13.00,13.00,13.00


Site:GroundTemperature:Deep

,,Jan{C},Feb{C},Mar{C},Apr{C},May{C},Jun{C},Jul{C},Aug{C},Sep{C},Oct{C},Nov{C},Dec{C}
,           1,16.00,16.00,16.00,16.00,16.00,16.00,16.00,16.00,16.00,16.00,16.00,16.00


Site:GroundReflectance

,,Jan{dimensionless},Feb{dimensionless},Mar{dimensionless},Apr{dimensionless},May{dimensionless},Jun{dimensionless},Jul{dimensionless},Aug{dimensionless},Sep{dimensionless},Oct{dimensionless},Nov{dimensionless},Dec{dimensionless}
,           1,0.20,0.20,0.20,0.20,0.20,0.20,0.20,0.20,0.20,0.20,0.20,0.20


Site:GroundReflectance:SnowModifier

,,Normal,Daylighting {dimensionless}
,           1,1.000,1.000


Site:GroundReflectance:Snow

,,Jan{dimensionless},Feb{dimensionless},Mar{dimensionless},Apr{dimensionless},May{dimensionless},Jun{dimensionless},Jul{dimensionless},Aug{dimensionless},Sep{dimensionless},Oct{dimensionless},Nov{dimensionless},Dec{dimensionless}
,           1,0.20,0.20,0.20,0.20,0.20,0.20,0.20,0.20,0.20,0.20,0.20,0.20


Site:GroundReflectance:Snow:Daylighting

,,Jan{dimensionless},Feb{dimensionless},Mar{dimensionless},Apr{dimensionless},May{dimensionless},Jun{dimensionless},Jul{dimensionless},Aug{dimensionless},Sep{dimensionless},Oct{dimensionless},Nov{dimensionless},Dec{dimensionless}
,           1,0.20,0.20,0.20,0.20,0.20,0.20,0.20,0.20,0.20,0.20,0.20,0.20


Environment:Weather Station

,,Wind Sensor Height Above Ground {m},Wind Speed Profile Exponent {},Wind Speed Profile Boundary Layer Thickness {m},Air Temperature Sensor Height Above Ground {m},Wind Speed Modifier Coefficient-Internal,Temperature Modifier Coefficient-Internal
,           1,10.000,0.140,270.000,1.500,1.586,9.750E-003


Site:Location

,,Location Name,Latitude {N+/S- Deg},Longitude {E+/W- Deg},Time Zone Number {GMT+/-},Elevation {m},Standard Pressure at Elevation {Pa},Standard RhoAir at Elevation
,           1,CARDIFF GBR CIBSE_TRY05 WMO#=NA,51.48,-3.34,0.00,10.00,101205,1.2029


Building Information

,,Building Name,North Axis {deg},Terrain,Loads Convergence Tolerance Value,Temperature Convergence Tolerance Value,Solar Distribution,Maximum Number of Warmup Days,Minimum Number of Warmup Days
,           1,IHOPETHISWORKS,0.000,City,4.00000E-002,0.40000,FullInteriorAndExteriorWithReflectionsFromExteriorSurfaces,25,6


Inside Convection Algorithm

,,Algorithm {Simple
,,TARP
,,CeilingDiffuser
,,AdaptiveConvectionAlgorithm}
,           1,TARP


Outside Convection Algorithm

,,Algorithm {SimpleCombined
,,TARP
,,MoWitt
,,DOE-2
,,AdaptiveConvectionAlgorithm}
,           1,DOE-2


Sky Radiance Distribution

,,Value {Anisotropic}
,           1,Anisotropic


Zone Air Solution Algorithm

,,Value {ThirdOrderBackwardDifference
,,AnalyticalSolution
,,EulerMethod}
,           1,ThirdOrderBackwardDifference


Zone Air Carbon Dioxide Balance Simulation

,,Simulation {Yes/No},Carbon Dioxide Concentration
,           1,No,N/A


Zone Air Generic Contaminant Balance Simulation

,,Simulation {Yes/No},Generic Contaminant Concentration
,           1,No,N/A


Zone Air Mass Flow Balance Simulation

,,Enforce Mass Balance,Adjust Zone Mixing,Adjust Zone Infiltration {AddInfiltration,Infiltration Zones {MixingSourceZonesOnly
,,,,AdjustInfiltration,AllZones}
,,,,None},
,           1,No,N/A,N/A,N/A


HVACSystemRootFindingAlgorithm

,,Value {RegulaFalsi
,,Bisection
,,BisectionThenRegulaFalsi
,,RegulaFalsiThenBisection}
,           1,RegulaFalsi


Environment:Site Atmospheric Variation

,,Wind Speed Profile Exponent {},Wind Speed Profile Boundary Layer Thickness {m},Air Temperature Gradient Coefficient {K/m}
,           1,0.330,460.000,6.500000E-003


Surface Geometry

,,Starting Corner,Vertex Input Direction,Coordinate System,Daylight Reference Point Coordinate System,Rectangular (Simple) Surface Coordinate System
,           1,LowerLeftCorner,Counterclockwise,RelativeCoordinateSystem,RelativeCoordinateSystem,RelativeToZoneOrigin


Surface Heat Transfer Algorithm

,,Value {CTF - ConductionTransferFunction,Inside Surface Max Temperature Limit{C},Surface Convection Coefficient Lower Limit {W/m2-K},Surface Convection Coefficient Upper Limit {W/m2-K}
,,EMPD - MoisturePenetrationDepthConductionTransferFunction,,,
,,CondFD - ConductionFiniteDifference,,,
,,HAMT - CombinedHeatAndMoistureFiniteElement} - Description,,,
,           1,CTF - ConductionTransferFunction,200,0.10,1000.0


Shading Summary

,,Number of Fixed Detached Shades,Number of Building Detached Shades,Number of Attached Shades
,           1,0,0,0


Zone Summary

,,Number of Zones,Number of Zone Surfaces,Number of SubSurfaces
,           1,4,76,13


Zone Information

,,Zone Name,North Axis {deg},Origin X-Coordinate {m},Origin Y-Coordinate {m},Origin Z-Coordinate {m},Centroid X-Coordinate {m},Centroid Y-Coordinate {m},Centroid Z-Coordinate {m},Type,Zone Multiplier,Zone List Multiplier,Minimum X {m},Maximum X {m},Minimum Y {m},Maximum Y {m},Minimum Z {m},Maximum Z {m},Ceiling Height {m},Volume {m3},Zone Inside Convection Algorithm {Simple-Detailed-CeilingDiffuser-TrombeWall},Zone Outside Convection Algorithm {Simple-Detailed-Tarp-MoWitt-DOE-2-BLAST},Floor Area {m2},Exterior Gross Wall Area {m2},Exterior Net Wall Area {m2},Exterior Window Area {m2},Number of Surfaces,Number of SubSurfaces,Number of Shading SubSurfaces,Part of Total Building Area
,           1,ZONE1,0.0,0.00,0.00,0.00,4.61,4.61,3.83,1,1,1,0.00,10.00,0.00,10.00,0.00,6.00,3.75,375.00,TARP,DOE-2,100.00,150.00,126.00,28.00,21,7,0,Yes
,           2,ZONE2,0.0,0.00,0.00,0.00,7.50,2.50,1.50,1,1,1,5.00,10.00,0.00,5.00,0.00,3.00,3.00,75.00,TARP,DOE-2,25.00,30.00,25.20,4.80,14,2,0,Yes
,           3,ZONE3,0.0,0.00,0.00,0.00,2.50,7.50,1.50,1,1,1,0.00,5.00,5.00,10.00,0.00,3.00,3.00,75.00,TARP,DOE-2,25.00,30.00,25.20,4.80,14,2,0,Yes
,           4,ZONE4,0.0,0.00,0.00,0.00,7.50,7.50,1.50,1,1,1,5.00,10.00,5.00,10.00,0.00,3.00,3.00,75.00,TARP,DOE-2,25.00,30.00,25.20,4.80,14,2,0,Yes


Zone Internal Gains Nominal

,,Zone Name,Floor Area {m2},# Occupants,Area per Occupant {m2/person},Occupant per Area {person/m2},Interior Lighting {W/m2},Electric Load {W/m2},Gas Load {W/m2},Other Load {W/m2},Hot Water Eq {W/m2},Steam Equipment {W/m2},Sum Loads per Area {W/m2},Outdoor Controlled Baseboard Heat
,           1,ZONE1,100.00,50.0,2.000,0.500,6.000,12.000,0.000,0.000,0.000,0.000,18.000,No
,           2,ZONE2,25.00,12.5,2.000,0.500,6.000,12.000,0.000,0.000,0.000,0.000,18.000,No
,           3,ZONE3,25.00,12.5,2.000,0.500,6.000,12.000,0.000,0.000,0.000,0.000,18.000,No
,           4,ZONE4,25.00,12.5,2.000,0.500,6.000,12.000,0.000,0.000,0.000,0.000,18.000,No


People Internal Gains Nominal

,,Name,Schedule Name,Zone Name,Zone Floor Area {m2},# Zone Occupants,Number of People {},People/Floor Area {person/m2},Floor Area per person {m2/person},Fraction Radiant,Fraction Convected,Sensible Fraction Calculation,Activity level,ASHRAE 55 Warnings,Carbon Dioxide Generation Rate,Nominal Minimum Number of People,Nominal Maximum Number of People
,           1,ZONE1 PEOPLEGAIN,OCCUPANTGAINYEAR,ZONE1,100.00,50.0,50.0,0.500,2.000,0.300,0.700,0.577,OCCUPANTACTIVITYLEVELYEAR,No,3.8200E-008,0,50
,           2,ZONE2 PEOPLEGAIN,OCCUPANTGAINYEAR,ZONE2,25.00,12.5,12.5,0.500,2.000,0.300,0.700,0.577,OCCUPANTACTIVITYLEVELYEAR,No,3.8200E-008,0,13
,           3,ZONE3 PEOPLEGAIN,OCCUPANTGAINYEAR,ZONE3,25.00,12.5,12.5,0.500,2.000,0.300,0.700,0.577,OCCUPANTACTIVITYLEVELYEAR,No,3.8200E-008,0,13
,           4,ZONE4 PEOPLEGAIN,OCCUPANTGAINYEAR,ZONE4,25.00,12.5,12.5,0.500,2.000,0.300,0.700,0.577,OCCUPANTACTIVITYLEVELYEAR,No,3.8200E-008,0,13


Lights Internal Gains Nominal

,,Name,Schedule Name,Zone Name,Zone Floor Area {m2},# Zone Occupants,Lighting Level {W},Lights/Floor Area {W/m2},Lights per person {W/person},Fraction Return Air,Fraction Radiant,Fraction Short Wave,Fraction Convected,Fraction Replaceable,End-Use Category,Nominal Minimum Lighting Level {W},Nominal Maximum Lighting Level {W}
,           1,ZONE1 LIGHTINGGAIN,LIGHTINGGAINYEAR,ZONE1,100.00,50.0,600.000,6.000,12.000,0.000,0.500,0.500,0.000,1.000,General,0.000,600.000
,           2,ZONE2 LIGHTINGGAIN,LIGHTINGGAINYEAR,ZONE2,25.00,12.5,150.000,6.000,12.000,0.000,0.500,0.500,0.000,1.000,General,0.000,150.000
,           3,ZONE3 LIGHTINGGAIN,LIGHTINGGAINYEAR,ZONE3,25.00,12.5,150.000,6.000,12.000,0.000,0.500,0.500,0.000,1.000,General,0.000,150.000
,           4,ZONE4 LIGHTINGGAIN,LIGHTINGGAINYEAR,ZONE4,25.00,12.5,150.000,6.000,12.000,0.000,0.500,0.500,0.000,1.000,General,0.000,150.000


ElectricEquipment Internal Gains Nominal

,,Name,Schedule Name,Zone Name,Zone Floor Area {m2},# Zone Occupants,Equipment Level {W},Equipment/Floor Area {W/m2},Equipment per person {W/person},Fraction Latent,Fraction Radiant,Fraction Lost,Fraction Convected,End-Use SubCategory,Nominal Minimum Equipment Level {W},Nominal Maximum Equipment Level {W}
,           1,ZONE1 EQUIPMENTGAIN,EQUIPMENTGAINYEAR,ZONE1,100.00,50.0,1200.000,12.000,24.000,0.850,0.150,0.000,0.000,General,0.000,1200.000
,           2,ZONE2 EQUIPMENTGAIN,EQUIPMENTGAINYEAR,ZONE2,25.00,12.5,300.000,12.000,24.000,0.850,0.150,0.000,0.000,General,0.000,300.000
,           3,ZONE3 EQUIPMENTGAIN,EQUIPMENTGAINYEAR,ZONE3,25.00,12.5,300.000,12.000,24.000,0.850,0.150,0.000,0.000,General,0.000,300.000
,           4,ZONE4 EQUIPMENTGAIN,EQUIPMENTGAINYEAR,ZONE4,25.00,12.5,300.000,12.000,24.000,0.850,0.150,0.000,0.000,General,0.000,300.000


Construction CTF

,,Construction Name,Index,#Layers,#CTFs,Time Step {hours},ThermalConductance {w/m2-K},OuterThermalAbsorptance,InnerThermalAbsorptance,OuterSolarAbsorptance,InnerSolarAbsorptance,Roughness
,           1,INTERIOR WALL,1,3,6,0.167,2.807,0.100,0.100,0.400,0.400,MediumSmooth
,           2,EXTERIOR WALL,2,3,14,0.167,0.2286,0.100,0.100,0.700,0.400,MediumSmooth
,           3,INTERIOR FLOOR,3,3,9,0.167,1.515,0.900,0.900,0.300,0.500,MediumSmooth
,           4,EXTERIOR FLOOR,4,2,10,0.167,0.5563,0.900,0.900,0.700,0.700,MediumRough
,           5,INTERIOR CEILING,5,3,9,0.167,1.515,0.900,0.900,0.500,0.300,MediumRough
,           6,EXTERIOR ROOF,6,3,12,0.333,0.1737,0.900,0.900,0.500,0.300,MediumRough
,           7,AIR WALL,7,1,2,0.167,13.10,0.001,0.001,0.001,0.001,Smooth


Material CTF Summary

,,Material Name,Thickness {m},Conductivity {w/m-K},Density {kg/m3},Specific Heat {J/kg-K},ThermalResistance {m2-K/w}
,           1,INTERIOR WALL OUTSIDE MATERIAL,0.0190,0.160,800.000,1090.000,0.1187
,           2,INTERIOR WALL MIDDLE MATERIAL,0.0190,0.160,50.000,1030.000,0.1187
,           3,INTERIOR WALL OUTSIDE MATERIAL,0.0190,0.160,800.000,1090.000,0.1187
,           4,EXTERIOR WALL OUTSIDE MATERIAL,0.1000,1.130,1800.000,1000.000,0.8850E-01
,           5,EXTERIOR WALL MIDDLE MATERIAL,0.1500,0.036,50.000,1030.000,4.167
,           6,EXTERIOR WALL INSIDE MATERIAL,0.0190,0.160,800.000,1090.000,0.1187
,           7,INTERIOR FLOOR/CEILING CEILING MATERIAL,0.0191,0.060,368.000,590.000,0.3183
,           8,INTERIOR FLOOR/CEILING FLOOR MATERIAL,0.1016,0.530,1280.000,840.000,0.1917
,           9,EXTERIOR FLOOR OUTSIDE MATERIAL,0.0508,0.030,43.000,1210.000,1.693
,          10,EXTERIOR FLOOR INSIDE MATERIAL,0.2032,1.950,2240.000,900.000,0.1042
,          11,INTERIOR FLOOR/CEILING FLOOR MATERIAL,0.1016,0.530,1280.000,840.000,0.1917
,          12,INTERIOR FLOOR/CEILING CEILING MATERIAL,0.0191,0.060,368.000,590.000,0.3183
,          13,EXTERIOR ROOF OUTSIDE MATERIAL,0.1000,0.500,1800.000,1000.000,0.2000
,          14,EXTERIOR ROOF MIDDLE MATERIAL,0.2000,0.036,50.000,1030.000,5.556
,          15,EXTERIOR ROOF INSIDE MATERIAL,0.0010,0.500,250.000,1000.000,0.2000E-02
,          16,AIR WALL MATERIAL,0.0020,0.026,1.225,1000.000,0.7634E-01


Material:Air

,,Material Name,ThermalResistance {m2-K/w}
,           1,INTERIOR FLOOR/CEILING MIDDLE MATERIAL,0.1500
,           2,INTERIOR FLOOR/CEILING MIDDLE MATERIAL,0.1500


CTF

,,Time,Outside,Cross,Inside,Flux (except final one)
,           1,6,0.59665905E-12,0.19988188E-12,0.59666013E-12,-0.66401493E-15
,           2,5,-0.44499855E-06,0.61706302E-07,-0.44499855E-06,0.11689015E-11
,           3,4,0.12400418E-02,0.25726718E-03,0.12400418E-02,-0.49361801E-06
,           4,3,-0.43123902,0.43971224E-01,-0.43123902,0.54243933E-03
,           5,2,6.6700339,0.49457956,6.6700339,-0.10964049
,           6,1,-21.578919,0.53419366,-21.578919,0.71569727
,           7,0,16.443169,0.31282506E-01,16.443169,
,           8,14,-0.12933012E-14,-0.32549069E-18,0.48692520E-12,0.28286562E-16
,           9,13,-0.68520021E-10,0.96226872E-15,-0.71656174E-09,0.47706029E-12
,          10,12,0.40364707E-07,0.54907146E-14,0.20738454E-06,-0.28926651E-09
,          11,11,-0.79488629E-05,0.46406237E-12,-0.20876873E-04,0.59623212E-07
,          12,10,0.62393530E-03,0.15660713E-09,0.90055053E-03,-0.50353955E-05
,          13,9,-0.21344792E-01,0.14708086E-07,-0.20484608E-01,0.18857148E-03
,          14,8,0.37975809,0.48025883E-06,0.27501741,-0.36770731E-02
,          15,7,-3.8911294,0.60680826E-05,-2.3157762,0.41351276E-01
,          16,6,24.365466,0.31309221E-04,12.620601,-0.28477979
,          17,5,-96.415723,0.66547424E-04,-45.081665,1.2407333
,          18,4,244.19383,0.55909264E-04,105.34849,-3.4603987
,          19,3,-392.52974,0.16552589E-04,-158.19073,6.1223786
,          20,2,385.45993,0.13328947E-05,146.08478,-6.6100819
,          21,1,-210.07031,0.15168089E-07,-75.148549,3.9535110
,          22,0,48.528818,0.12484589E-10,16.427611,
,          23,9,-0.35904404E-11,0.59297810E-15,-0.10712783E-14,-0.18879158E-16
,          24,8,0.48118398E-06,0.44758322E-12,0.10040435E-08,-0.19613027E-10
,          25,7,-0.77647225E-04,0.76139413E-08,-0.30718380E-04,0.60014004E-06
,          26,6,0.43401625E-02,0.40728305E-05,0.36683249E-02,-0.74298645E-04
,          27,5,-0.10453189,0.27676385E-03,-0.14076380,0.30224653E-02
,          28,4,1.1140826,0.39640219E-02,2.1904223,-0.51158879E-01
,          29,3,-5.3680776,0.14008479E-01,-15.012449,0.39279842
,          30,2,12.243479,0.11829131E-01,44.640559,-1.3578025
,          31,1,-12.938165,0.17754670E-02,-55.533077,1.9921783
,          32,0,5.0808206,0.13237046E-04,23.883542,
,          33,10,0.23808708E-10,0.19900769E-14,0.28584045E-12,-0.40622520E-14
,          34,9,-0.82903898E-06,0.45037678E-13,-0.20661016E-06,0.29462360E-08
,          35,8,0.35660301E-03,0.25244069E-09,0.95662959E-03,-0.13643327E-04
,          36,7,-0.11265829E-01,0.91752358E-07,-0.86605806E-01,0.12438554E-02
,          37,6,0.14364361,0.50514870E-05,1.6751937,-0.24672138E-01
,          38,5,-0.94528551,0.66576082E-04,-14.314405,0.21798586
,          39,4,3.5088560,0.25620873E-03,64.793430,-1.0283945
,          40,3,-7.5730183,0.29982817E-03,-164.58870,2.7453106
,          41,2,9.3772855,0.95427985E-04,232.96189,-4.1165986
,          42,1,-6.1574957,0.55696743E-05,-170.08001,3.2038286
,          43,0,1.6576533,0.12641049E-07,49.638978,
,          44,9,-0.10712783E-14,0.59297810E-15,-0.35904404E-11,-0.18879158E-16
,          45,8,0.10040435E-08,0.44758322E-12,0.48118398E-06,-0.19613027E-10
,          46,7,-0.30718380E-04,0.76139413E-08,-0.77647225E-04,0.60014004E-06
,          47,6,0.36683249E-02,0.40728305E-05,0.43401625E-02,-0.74298645E-04
,          48,5,-0.14076380,0.27676385E-03,-0.10453189,0.30224653E-02
,          49,4,2.1904223,0.39640219E-02,1.1140826,-0.51158879E-01
,          50,3,-15.012449,0.14008479E-01,-5.3680776,0.39279842
,          51,2,44.640559,0.11829131E-01,12.243479,-1.3578025
,          52,1,-55.533077,0.17754670E-02,-12.938165,1.9921783
,          53,0,23.883542,0.13237046E-04,5.0808206,
,          54,12,0.45181270E-15,0.12267917E-13,0.63144483E-09,0.28022575E-17
,          55,11,-0.38159363E-07,0.11861593E-13,-0.13684350E-06,0.68629947E-09
,          56,10,0.78204607E-05,0.21525646E-12,0.10232442E-04,-0.14666257E-06
,          57,9,-0.53715968E-03,0.17721693E-09,-0.35872850E-03,0.10684488E-04
,          58,8,0.16852507E-01,0.25315423E-07,0.68751254E-02,-0.35875502E-03
,          59,7,-0.28151725,0.10011007E-05,-0.77871813E-01,0.64623487E-02
,          60,6,2.6951230,0.13334101E-04,0.54359077,-0.67220854E-01
,          61,5,-15.320024,0.65194687E-04,-2.3914628,0.41859992
,          62,4,52.557548,0.11810373E-03,6.6725484,-1.5837372
,          63,3,-108.46738,0.74455248E-04,-11.673905,3.6185506
,          64,2,130.51698,0.13405780E-04,12.319150,-4.8269684
,          65,1,-83.840341,0.50875538E-06,-7.1287053,3.4330151
,          66,0,22.123580,0.19400213E-07,1.7304156,
,          67,2,0.28731289E-15,0.16983614E-15,0.28731289E-15,0.0000000
,          68,1,-0.12854938E-02,0.75617283E-03,-0.12854938E-02,0.86365181E-12
,          69,0,13.101285,13.099244,13.101285,


WindowConstruction

,,Construction Name,Index,#Layers,Roughness,Conductance {W/m2-K},SHGC,Solar Transmittance at Normal Incidence,Visible Transmittance at Normal Incidence
,           1,EXTERIOR WINDOW,8,1,VerySmooth,1.600,0.599,0.525,0.651
,           2,INTERIOR WINDOW,9,1,VerySmooth,4.999,0.900,0.869,0.901


WindowMaterial:Glazing

,,Material Name,Optical Data Type,Spectral Data Set Name,Thickness {m},Solar Transmittance,Front Solar Reflectance,Back Solar Reflectance,Visible Transmittance,Front Visible Reflectance,Back Visible Reflectance,Infrared Transmittance,Front Thermal Emissivity,Back Thermal Emissivity,Conductivity {W/m-K},Dirt Factor,Solar Diffusing
,           1,EXTERIOR WINDOW MATERIAL,SpectralAverage,,4.32833E-002,0.52429,0.30207,0.30207,0.65000,0.13254,0.15003,0.00000,0.84000,0.84000,9.61247E-002,1.00000,No
,           2,INTERIOR WINDOW MATERIAL,SpectralAverage,,2.00000E-003,0.86859,2.93364E-002,2.93364E-002,0.90000,9.90000E-002,9.90000E-002,0.00000,0.84000,0.84000,6.05717E-002,1.00000,No


Shadowing/Sun Position Calculations Annual Simulations

,,Calculation Method,Value {days},Allowable Number Figures in Shadow Overlap {},Polygon Clipping Algorithm,Sky Diffuse Modeling Algorithm
,           1,AverageOverDaysInFrequency,20,15000,SutherlandHodgman,SimpleSkyDiffuseModeling


Surface Convection Parameters

,,Surface Name,Outside Model Assignment,Outside Area [m2],Outside Perimeter [m],Outside Height [m],Inside Model Assignment,Inside Height [cm],Inside Perimeter Envelope [m],Inside Hydraulic Diameter [m],Window Wall Ratio [ ],Window Location [ ],Near Radiant [Yes/No],Has Active HVAC [Yes/No]
,           1,466564015B2F43199C1B,0,60.00,32.00,6.00,0,3.75,50.00,10.00,0.19,3,No,No
,           2,466564015B2F43199C1B_GLZ_0_F3AAB6FB8BD3451FBA7D,0,60.00,32.00,6.00,0,3.75,50.00,10.00,0.19,2,No,No
,           3,AA69F423B82B48AAAA7E,0,60.00,32.00,6.00,0,3.75,50.00,10.00,0.19,3,No,No
,           4,AA69F423B82B48AAAA7E_GLZ_0_706693F7F3F64B68969E,0,60.00,32.00,6.00,0,3.75,50.00,10.00,0.19,1,No,No
,           5,FD8A070E4BE54D88AE3B,0,60.00,32.00,6.00,0,3.75,50.00,10.00,0.19,3,No,No
,           6,FD8A070E4BE54D88AE3B_GLZ_0_B285641B64A742589E03,0,60.00,32.00,6.00,0,3.75,50.00,10.00,0.19,2,No,No
,           7,D9E98E2F98CA44578C65,0,60.00,32.00,6.00,0,3.75,50.00,10.00,0.19,3,No,No
,           8,AF6581C9E0E3475DA994,0,60.00,40.28,6.00,0,3.75,50.00,10.00,0.19,3,No,No
,           9,AF6581C9E0E3475DA994_GLZ_0_A0DF08794DAE4C1B8D9A,0,60.00,40.28,6.00,0,3.75,50.00,10.00,0.19,2,No,No
,          10,3675D61B3AAB405AA64E,0,60.00,40.28,6.00,0,3.75,50.00,10.00,0.19,3,No,No
,          11,3675D61B3AAB405AA64E_GLZ_0_C015151E9B4341638ED8,0,60.00,40.28,6.00,0,3.75,50.00,10.00,0.19,2,No,No
,          12,3450B9CAC0D14E639808_SRFP_0,0,0.00,0.00,0.00,0,3.75,50.00,10.00,0.19,0,No,No
,          13,3450B9CAC0D14E639808_SRFP_1,0,0.00,0.00,0.00,0,3.75,50.00,10.00,0.19,0,No,No
,          14,3450B9CAC0D14E639808_SRFP_2,0,0.00,0.00,0.00,0,3.75,50.00,10.00,0.19,0,No,No
,          15,3450B9CAC0D14E639808_SRFP_3,0,0.00,0.00,0.00,0,3.75,50.00,10.00,0.19,0,No,No
,          16,3450B9CAC0D14E639808_SRFP_4,0,0.00,0.00,0.00,0,3.75,50.00,10.00,0.19,0,No,No
,          17,3450B9CAC0D14E639808_SRFP_5,0,0.00,0.00,0.00,0,3.75,50.00,10.00,0.19,0,No,No
,          18,3450B9CAC0D14E639808_SRFP_6,0,0.00,0.00,0.00,0,3.75,50.00,10.00,0.19,0,No,No
,          19,3450B9CAC0D14E639808_SRFP_7,0,0.00,0.00,0.00,0,3.75,50.00,10.00,0.19,0,No,No
,          20,749EC30EECD34DC4A25C,0,0.00,0.00,0.00,0,3.75,50.00,10.00,0.19,0,No,No
,          21,749EC30EECD34DC4A25C_GLZ_0_7C286FED11CF4D82B23B,0,0.00,0.00,0.00,0,3.75,50.00,10.00,0.19,0,No,No
,          22,F54267983C3742E19DB3,0,0.00,0.00,0.00,0,3.75,50.00,10.00,0.19,0,No,No
,          23,10AE508A81264C718D07,0,0.00,0.00,0.00,0,3.75,50.00,10.00,0.19,0,No,No
,          24,91E9F8EB13224A229BEE,0,0.00,0.00,0.00,0,3.75,50.00,10.00,0.19,0,No,No
,          25,2A66A42AD58A403783AA,0,0.00,0.00,0.00,0,3.75,50.00,10.00,0.19,0,No,No
,          26,134068DDAD364F55B5A4,0,0.00,0.00,0.00,0,3.75,50.00,10.00,0.19,0,No,No
,          27,15D536BB1111463BB433,0,100.00,40.00,0.00,0,3.75,50.00,10.00,0.19,0,No,No
,          28,15D536BB1111463BB433_GLZ_0_3B1B787BEBAE42D6974C,0,100.00,40.00,0.00,0,3.75,50.00,10.00,0.19,2,No,No
,          29,368CA5EB2212437BAC65,0,60.00,32.00,6.00,0,3.00,10.00,5.00,0.16,4,No,No
,          30,E9DEF6BFFD0D4E24982D,0,60.00,40.28,6.00,0,3.00,10.00,5.00,0.16,3,No,No
,          31,E9DEF6BFFD0D4E24982D_GLZ_0_FACD16C8C8724A7C9FE8,0,60.00,40.28,6.00,0,3.00,10.00,5.00,0.16,2,No,No
,          32,18827043BD1748228F9F_SRFP_0,0,0.00,0.00,0.00,0,3.00,10.00,5.00,0.16,0,No,No
,          33,18827043BD1748228F9F_SRFP_1,0,0.00,0.00,0.00,0,3.00,10.00,5.00,0.16,0,No,No
,          34,18827043BD1748228F9F_SRFP_2,0,0.00,0.00,0.00,0,3.00,10.00,5.00,0.16,0,No,No
,          35,18827043BD1748228F9F_SRFP_3,0,0.00,0.00,0.00,0,3.00,10.00,5.00,0.16,0,No,No
,          36,18827043BD1748228F9F_SRFP_4,0,0.00,0.00,0.00,0,3.00,10.00,5.00,0.16,0,No,No
,          37,18827043BD1748228F9F_SRFP_5,0,0.00,0.00,0.00,0,3.00,10.00,5.00,0.16,0,No,No
,          38,18827043BD1748228F9F_SRFP_6,0,0.00,0.00,0.00,0,3.00,10.00,5.00,0.16,0,No,No
,          39,18827043BD1748228F9F_SRFP_7,0,0.00,0.00,0.00,0,3.00,10.00,5.00,0.16,0,No,No
,          40,1940A526EB2349FCAC1E,0,0.00,0.00,0.00,0,3.00,10.00,5.00,0.16,0,No,No
,          41,1940A526EB2349FCAC1E_GLZ_0_5B10F896F7BD4131A002,0,0.00,0.00,0.00,0,3.00,10.00,5.00,0.16,0,No,No
,          42,21EFBD8EB290413FBD96,0,0.00,0.00,0.00,0,3.00,10.00,5.00,0.16,0,No,No
,          43,6EF94013FE2746C399E9,0,0.00,0.00,0.00,0,3.00,10.00,5.00,0.16,0,No,No
,          44,47C50FED2A7A44E3B20B,0,0.00,0.00,0.00,0,3.00,10.00,5.00,0.16,0,No,No
,          45,65EDE32B890F4F1F9280,0,60.00,40.28,6.00,0,3.00,10.00,5.00,0.16,4,No,No
,          46,E792B52EA48241D382FB,0,60.00,32.00,6.00,0,3.00,10.00,5.00,0.16,3,No,No
,          47,E792B52EA48241D382FB_GLZ_0_1798305B2A5941A4899A,0,60.00,32.00,6.00,0,3.00,10.00,5.00,0.16,2,No,No
,          48,A492058F47A24CFDB0FC_SRFP_0,0,0.00,0.00,0.00,0,3.00,10.00,5.00,0.16,0,No,No
,          49,A492058F47A24CFDB0FC_SRFP_1,0,0.00,0.00,0.00,0,3.00,10.00,5.00,0.16,0,No,No
,          50,A492058F47A24CFDB0FC_SRFP_2,0,0.00,0.00,0.00,0,3.00,10.00,5.00,0.16,0,No,No
,          51,A492058F47A24CFDB0FC_SRFP_3,0,0.00,0.00,0.00,0,3.00,10.00,5.00,0.16,0,No,No
,          52,A492058F47A24CFDB0FC_SRFP_4,0,0.00,0.00,0.00,0,3.00,10.00,5.00,0.16,0,No,No
,          53,A492058F47A24CFDB0FC_SRFP_5,0,0.00,0.00,0.00,0,3.00,10.00,5.00,0.16,0,No,No
,          54,A492058F47A24CFDB0FC_SRFP_6,0,0.00,0.00,0.00,0,3.00,10.00,5.00,0.16,0,No,No
,          55,A492058F47A24CFDB0FC_SRFP_7,0,0.00,0.00,0.00,0,3.00,10.00,5.00,0.16,0,No,No
,          56,1489C5E4864749108183,0,0.00,0.00,0.00,0,3.00,10.00,5.00,0.16,0,No,No
,          57,1489C5E4864749108183_GLZ_0_F33F73C9CB4C44119EC3,0,0.00,0.00,0.00,0,3.00,10.00,5.00,0.16,0,No,No
,          58,629F7D9ECD6240458EB2,0,0.00,0.00,0.00,0,3.00,10.00,5.00,0.16,0,No,No
,          59,607BDE968C67456E8C5E,0,0.00,0.00,0.00,0,3.00,10.00,5.00,0.16,0,No,No
,          60,FCBCC5A43A364B309038,0,0.00,0.00,0.00,0,3.00,10.00,5.00,0.16,0,No,No
,          61,A9013CCDF7514C79B799,0,60.00,40.28,6.00,0,3.00,10.00,5.00,0.16,4,No,No
,          62,0BB252B337B243D1A9CA,0,60.00,40.28,6.00,0,3.00,10.00,5.00,0.16,3,No,No
,          63,0BB252B337B243D1A9CA_GLZ_0_F5CF2156590D48F8B885,0,60.00,40.28,6.00,0,3.00,10.00,5.00,0.16,2,No,No
,          64,1B4A70146E884417A6C2_SRFP_0,0,0.00,0.00,0.00,0,3.00,10.00,5.00,0.16,0,No,No
,          65,1B4A70146E884417A6C2_SRFP_1,0,0.00,0.00,0.00,0,3.00,10.00,5.00,0.16,0,No,No
,          66,1B4A70146E884417A6C2_SRFP_2,0,0.00,0.00,0.00,0,3.00,10.00,5.00,0.16,0,No,No
,          67,1B4A70146E884417A6C2_SRFP_3,0,0.00,0.00,0.00,0,3.00,10.00,5.00,0.16,0,No,No
,          68,1B4A70146E884417A6C2_SRFP_4,0,0.00,0.00,0.00,0,3.00,10.00,5.00,0.16,0,No,No
,          69,1B4A70146E884417A6C2_SRFP_5,0,0.00,0.00,0.00,0,3.00,10.00,5.00,0.16,0,No,No
,          70,1B4A70146E884417A6C2_SRFP_6,0,0.00,0.00,0.00,0,3.00,10.00,5.00,0.16,0,No,No
,          71,1B4A70146E884417A6C2_SRFP_7,0,0.00,0.00,0.00,0,3.00,10.00,5.00,0.16,0,No,No
,          72,9A94ACA56A16440990CD,0,0.00,0.00,0.00,0,3.00,10.00,5.00,0.16,0,No,No
,          73,9A94ACA56A16440990CD_GLZ_0_BEDFD86103A246C58282,0,0.00,0.00,0.00,0,3.00,10.00,5.00,0.16,0,No,No
,          74,E4458FF87EE04E219343,0,0.00,0.00,0.00,0,3.00,10.00,5.00,0.16,0,No,No
,          75,92EBA5E7333F41208130,0,0.00,0.00,0.00,0,3.00,10.00,5.00,0.16,0,No,No
,          76,D4EE8901333D4106849A,0,0.00,0.00,0.00,0,3.00,10.00,5.00,0.16,0,No,No


ZoneVentilation Airflow Stats Nominal

,,Name,Schedule Name,Zone Name,Zone Floor Area {m2},# Zone Occupants,Design Volume Flow Rate {m3/s},Volume Flow Rate/Floor Area {m3/s/m2},Volume Flow Rate/person Area {m3/s/person},ACH - Air Changes per Hour,Fan Type {Exhaust;Intake;Natural},Fan Pressure Rise {Pa},Fan Efficiency {},Equation A - Constant Term Coefficient {},Equation B - Temperature Term Coefficient {1/C},Equation C - Velocity Term Coefficient {s/m},Equation D - Velocity Squared Term Coefficient {s2/m2},Minimum Indoor Temperature{C}/Schedule,Maximum Indoor Temperature{C}/Schedule,Delta Temperature{C}/Schedule,Minimum Outdoor Temperature{C}/Schedule,Maximum Outdoor Temperature{C}/Schedule,Maximum WindSpeed{m/s}
,           1,ZONE1 INFILTRATION,INFILTRATIONYEAR,ZONE1,100.00,50.0,2.270E-002,2.270E-004,4.540E-004,0.218,Natural,0.000,1.0,1.000,0.000,0.000,0.000,-100.00,100.00,-100.00,-100.00,100.00,40.00
,           2,ZONE2 INFILTRATION,INFILTRATIONYEAR,ZONE2,25.00,12.5,5.675E-003,2.270E-004,4.540E-004,0.272,Natural,0.000,1.0,1.000,0.000,0.000,0.000,-100.00,100.00,-100.00,-100.00,100.00,40.00
,           3,ZONE3 INFILTRATION,INFILTRATIONYEAR,ZONE3,25.00,12.5,5.675E-003,2.270E-004,4.540E-004,0.272,Natural,0.000,1.0,1.000,0.000,0.000,0.000,-100.00,100.00,-100.00,-100.00,100.00,40.00
,           4,ZONE4 INFILTRATION,INFILTRATIONYEAR,ZONE4,25.00,12.5,5.675E-003,2.270E-004,4.540E-004,0.272,Natural,0.000,1.0,1.000,0.000,0.000,0.000,-100.00,100.00,-100.00,-100.00,100.00,40.00
,           5,ZONE1 VENTILATION,VENTILATIONYEAR,ZONE1,100.00,50.0,750.000,7.500,15.000,7200.000,Natural,0.000,1.0,1.000,0.000,0.000,0.000,-100.00,100.00,-100.00,-100.00,100.00,40.00
,           6,ZONE2 VENTILATION,VENTILATIONYEAR,ZONE2,25.00,12.5,187.500,7.500,15.000,9000.000,Natural,0.000,1.0,1.000,0.000,0.000,0.000,-100.00,100.00,-100.00,-100.00,100.00,40.00
,           7,ZONE3 VENTILATION,VENTILATIONYEAR,ZONE3,25.00,12.5,187.500,7.500,15.000,9000.000,Natural,0.000,1.0,1.000,0.000,0.000,0.000,-100.00,100.00,-100.00,-100.00,100.00,40.00
,           8,ZONE4 VENTILATION,VENTILATIONYEAR,ZONE4,25.00,12.5,187.500,7.500,15.000,9000.000,Natural,0.000,1.0,1.000,0.000,0.000,0.000,-100.00,100.00,-100.00,-100.00,100.00,40.00


Mixing Airflow Stats Nominal

,,Name,Schedule Name,Zone Name,Zone Floor Area {m2},# Zone Occupants,Design Volume Flow Rate {m3/s},Volume Flow Rate/Floor Area {m3/s/m2},Volume Flow Rate/person Area {m3/s/person},ACH - Air Changes per Hour,From/Source Zone,Delta Temperature {C}
,           1,ZONE1ZONE3AIRMIX0,ALWAYS ON,ZONE1,100.00,50.0,0.154,1.541E-003,3.082E-003,1.479,ZONE3,0.00
,           2,ZONE2ZONE4AIRMIX0,ALWAYS ON,ZONE2,25.00,12.5,0.154,6.163E-003,1.233E-002,7.396,ZONE4,0.00
,           3,ZONE3ZONE1AIRMIX0,ALWAYS ON,ZONE3,25.00,12.5,0.154,6.163E-003,1.233E-002,7.396,ZONE1,0.00
,           4,ZONE4ZONE2AIRMIX0,ALWAYS ON,ZONE4,25.00,12.5,0.154,6.163E-003,1.233E-002,7.396,ZONE2,0.00


AirFlow Model

,,Simple
,           1,Simple


RoomAir Model

,,Zone Name,Mixing/Mundt/UCSDDV/UCSDCV/UCSDUFI/UCSDUFE/User Defined
,           1,ZONE1,Mixing/Well-Stirred
,           2,ZONE2,Mixing/Well-Stirred
,           3,ZONE3,Mixing/Well-Stirred
,           4,ZONE4,Mixing/Well-Stirred


AirflowNetwork Model:Control

,,No Multizone or Distribution/Multizone with Distribution/Multizone without Distribution/Multizone with Distribution only during Fan Operation
,           1,NoMultizoneOrDistribution


Zone Volume Capacitance Multiplier

,,Sensible Heat Capacity Multiplier,Moisture Capacity Multiplier,Carbon Dioxide Capacity Multiplier,Generic Contaminant Capacity Multiplier
,           1,1.000,1.000,1.000,1.000


Zone Surfaces

,,Zone Name,# Surfaces
,           1,ZONE1,28
,           2,ZONE2,16
,           3,ZONE3,16
,           4,ZONE4,16


HeatTransfer Surface

,,Surface Name,Surface Class,Base Surface,Heat Transfer Algorithm,Construction,Nominal U (w/o film coefs) {W/m2-K},Nominal U (with film coefs) {W/m2-K},Solar Diffusing,Area (Net) {m2},Area (Gross) {m2},Area (Sunlit Calc) {m2},Azimuth {deg},Tilt {deg},~Width {m},~Height {m},Reveal {m},ExtBoundCondition,ExtConvCoeffCalc,IntConvCoeffCalc,SunExposure,WindExposure,ViewFactorToGround,ViewFactorToSky,ViewFactorToGround-IR,ViewFactorToSky-IR,#Sides
,           1,466564015B2F43199C1B,Wall,,CTF - ConductionTransferFunction,EXTERIOR WALL,0.229,0.221,,25.20,30.00,25.20,180.00,90.00,10.00,3.00,0.00,ExternalEnvironment,DOE-2,ASHRAETARP,SunExposed,WindExposed,0.50,0.50,0.50,0.50,4
,           2,466564015B2F43199C1B_GLZ_0_F3AAB6FB8BD3451FBA7D,Window,466564015B2F43199C1B,Window5 Detailed Fenestration,EXTERIOR WINDOW,N/A,1.600,No,4.80,4.80,4.80,180.00,90.00,3.00,1.60,0.00,ExternalEnvironment,DOE-2,ASHRAETARP,SunExposed,WindExposed,0.50,0.50,0.50,0.50,4
,           3,AA69F423B82B48AAAA7E,Wall,,CTF - ConductionTransferFunction,EXTERIOR WALL,0.229,0.221,,10.20,15.00,10.20,180.00,90.00,5.00,3.00,0.00,ExternalEnvironment,DOE-2,ASHRAETARP,SunExposed,WindExposed,0.50,0.50,0.50,0.50,4
,           4,AA69F423B82B48AAAA7E_GLZ_0_706693F7F3F64B68969E,Window,AA69F423B82B48AAAA7E,Window5 Detailed Fenestration,EXTERIOR WINDOW,N/A,1.600,No,4.80,4.80,4.80,180.00,90.00,3.00,1.60,0.00,ExternalEnvironment,DOE-2,ASHRAETARP,SunExposed,WindExposed,0.50,0.50,0.50,0.50,4
,           5,FD8A070E4BE54D88AE3B,Wall,,CTF - ConductionTransferFunction,EXTERIOR WALL,0.229,0.221,,25.20,30.00,25.20,270.00,90.00,10.00,3.00,0.00,ExternalEnvironment,DOE-2,ASHRAETARP,SunExposed,WindExposed,0.50,0.50,0.50,0.50,4
,           6,FD8A070E4BE54D88AE3B_GLZ_0_B285641B64A742589E03,Window,FD8A070E4BE54D88AE3B,Window5 Detailed Fenestration,EXTERIOR WINDOW,N/A,1.600,No,4.80,4.80,4.80,270.00,90.00,3.00,1.60,0.00,ExternalEnvironment,DOE-2,ASHRAETARP,SunExposed,WindExposed,0.50,0.50,0.50,0.50,4
,           7,D9E98E2F98CA44578C65,Wall,,CTF - ConductionTransferFunction,EXTERIOR WALL,0.229,0.221,,15.00,15.00,15.00,270.00,90.00,5.00,3.00,0.00,ExternalEnvironment,DOE-2,ASHRAETARP,SunExposed,WindExposed,0.50,0.50,0.50,0.50,4
,           8,AF6581C9E0E3475DA994,Wall,,CTF - ConductionTransferFunction,EXTERIOR WALL,0.229,0.221,,25.20,30.00,25.20,0.00,90.00,10.00,3.00,0.00,ExternalEnvironment,DOE-2,ASHRAETARP,SunExposed,WindExposed,0.50,0.50,0.50,0.50,4
,           9,AF6581C9E0E3475DA994_GLZ_0_A0DF08794DAE4C1B8D9A,Window,AF6581C9E0E3475DA994,Window5 Detailed Fenestration,EXTERIOR WINDOW,N/A,1.600,No,4.80,4.80,4.80,0.00,90.00,3.00,1.60,0.00,ExternalEnvironment,DOE-2,ASHRAETARP,SunExposed,WindExposed,0.50,0.50,0.50,0.50,4
,          10,3675D61B3AAB405AA64E,Wall,,CTF - ConductionTransferFunction,EXTERIOR WALL,0.229,0.221,,25.20,30.00,25.20,90.00,90.00,10.00,3.00,0.00,ExternalEnvironment,DOE-2,ASHRAETARP,SunExposed,WindExposed,0.50,0.50,0.50,0.50,4
,          11,3675D61B3AAB405AA64E_GLZ_0_C015151E9B4341638ED8,Window,3675D61B3AAB405AA64E,Window5 Detailed Fenestration,EXTERIOR WINDOW,N/A,1.600,No,4.80,4.80,4.80,90.00,90.00,3.00,1.60,0.00,ExternalEnvironment,DOE-2,ASHRAETARP,SunExposed,WindExposed,0.50,0.50,0.50,0.50,4
,          12,3450B9CAC0D14E639808_SRFP_0,Wall,,CTF - ConductionTransferFunction,INTERIOR WALL,2.807,1.977,,1.60,1.60,1.60,0.00,90.00,2.04,2.83,0.00,A492058F47A24CFDB0FC_SRFP_0,Other/Same Surface Int Conv,ASHRAETARP,NoSun,NoWind,0.50,0.50,0.50,0.50,3
,          13,3450B9CAC0D14E639808_SRFP_1,Wall,,CTF - ConductionTransferFunction,INTERIOR WALL,2.807,1.977,,3.00,3.00,3.00,0.00,90.00,2.83,3.00,0.00,A492058F47A24CFDB0FC_SRFP_1,Other/Same Surface Int Conv,ASHRAETARP,NoSun,NoWind,0.50,0.50,0.50,0.50,3
,          14,3450B9CAC0D14E639808_SRFP_2,Wall,,CTF - ConductionTransferFunction,INTERIOR WALL,2.807,1.977,,0.50,0.50,0.50,0.00,90.00,2.24,3.16,0.00,A492058F47A24CFDB0FC_SRFP_2,Other/Same Surface Int Conv,ASHRAETARP,NoSun,NoWind,0.50,0.50,0.50,0.50,3
,          15,3450B9CAC0D14E639808_SRFP_3,Wall,,CTF - ConductionTransferFunction,INTERIOR WALL,2.807,1.977,,2.50,2.50,2.50,0.00,90.00,3.16,5.00,0.00,A492058F47A24CFDB0FC_SRFP_3,Other/Same Surface Int Conv,ASHRAETARP,NoSun,NoWind,0.50,0.50,0.50,0.50,3
,          16,3450B9CAC0D14E639808_SRFP_4,Wall,,CTF - ConductionTransferFunction,INTERIOR WALL,2.807,1.977,,0.20,0.20,0.20,0.00,90.00,1.00,3.03,0.00,A492058F47A24CFDB0FC_SRFP_4,Other/Same Surface Int Conv,ASHRAETARP,NoSun,NoWind,0.50,0.50,0.50,0.50,3
,          17,3450B9CAC0D14E639808_SRFP_5,Wall,,CTF - ConductionTransferFunction,INTERIOR WALL,2.807,1.977,,1.60,1.60,1.60,0.00,90.00,2.24,3.28,0.00,A492058F47A24CFDB0FC_SRFP_5,Other/Same Surface Int Conv,ASHRAETARP,NoSun,NoWind,0.50,0.50,0.50,0.50,3
,          18,3450B9CAC0D14E639808_SRFP_6,Wall,,CTF - ConductionTransferFunction,INTERIOR WALL,2.807,1.977,,3.00,3.00,3.00,0.00,90.00,3.28,3.00,0.00,A492058F47A24CFDB0FC_SRFP_6,Other/Same Surface Int Conv,ASHRAETARP,NoSun,NoWind,0.50,0.50,0.50,0.50,3
,          19,3450B9CAC0D14E639808_SRFP_7,Wall,,CTF - ConductionTransferFunction,INTERIOR WALL,2.807,1.977,,1.00,1.00,1.00,0.00,90.00,5.00,3.03,0.00,A492058F47A24CFDB0FC_SRFP_7,Other/Same Surface Int Conv,ASHRAETARP,NoSun,NoWind,0.50,0.50,0.50,0.50,3
,          20,749EC30EECD34DC4A25C,Wall,,CTF - ConductionTransferFunction,INTERIOR WALL,2.807,1.977,,13.40,15.00,13.40,90.00,90.00,5.00,3.00,0.00,1940A526EB2349FCAC1E,Other/Same Surface Int Conv,ASHRAETARP,NoSun,NoWind,0.50,0.50,0.50,0.50,4
,          21,749EC30EECD34DC4A25C_GLZ_0_7C286FED11CF4D82B23B,Window,749EC30EECD34DC4A25C,Window5 Detailed Fenestration,INTERIOR WINDOW,N/A,4.999,No,1.60,1.60,1.60,90.00,90.00,1.00,1.60,0.00,1940A526EB2349FCAC1E_GLZ_0_5B10F896F7BD4131A002,Other/Same Surface Int Conv,ASHRAETARP,NoSun,NoWind,0.50,0.50,0.50,0.50,4
,          22,F54267983C3742E19DB3,Wall,,CTF - ConductionTransferFunction,AIR WALL,13.100,4.424,,1.60,1.60,1.60,0.00,90.00,1.00,1.60,0.00,629F7D9ECD6240458EB2,Other/Same Surface Int Conv,ASHRAETARP,NoSun,NoWind,0.50,0.50,0.50,0.50,4
,          23,10AE508A81264C718D07,Floor,,CTF - ConductionTransferFunction,INTERIOR FLOOR,1.515,1.107,,25.00,25.00,25.00,90.00,180.00,5.00,5.00,0.00,FCBCC5A43A364B309038,Other/Same Surface Int Conv,ASHRAETARP,NoSun,NoWind,1.00,0.00,1.00,0.00,4
,          24,91E9F8EB13224A229BEE,Floor,,CTF - ConductionTransferFunction,INTERIOR FLOOR,1.515,1.107,,25.00,25.00,25.00,90.00,180.00,5.00,5.00,0.00,D4EE8901333D4106849A,Other/Same Surface Int Conv,ASHRAETARP,NoSun,NoWind,1.00,0.00,1.00,0.00,4
,          25,2A66A42AD58A403783AA,Floor,,CTF - ConductionTransferFunction,INTERIOR FLOOR,1.515,1.107,,25.00,25.00,25.00,90.00,180.00,5.00,5.00,0.00,47C50FED2A7A44E3B20B,Other/Same Surface Int Conv,ASHRAETARP,NoSun,NoWind,1.00,0.00,1.00,0.00,4
,          26,134068DDAD364F55B5A4,Floor,,CTF - ConductionTransferFunction,EXTERIOR FLOOR,0.556,0.490,,25.00,25.00,25.00,90.00,180.00,5.00,5.00,0.00,Ground,N/A-Ground,ASHRAETARP,NoSun,NoWind,1.00,0.00,1.00,0.00,4
,          27,15D536BB1111463BB433,Roof,,CTF - ConductionTransferFunction,EXTERIOR ROOF,0.174,0.168,,96.00,100.00,96.00,180.00,0.00,10.00,10.00,0.00,ExternalEnvironment,DOE-2,ASHRAETARP,SunExposed,WindExposed,0.00,1.00,0.00,1.00,4
,          28,15D536BB1111463BB433_GLZ_0_3B1B787BEBAE42D6974C,Window,15D536BB1111463BB433,Window5 Detailed Fenestration,EXTERIOR WINDOW,N/A,1.600,No,4.00,4.00,4.00,180.00,0.00,2.00,2.00,0.00,ExternalEnvironment,DOE-2,ASHRAETARP,SunExposed,WindExposed,0.00,1.00,0.00,1.00,4
,          29,368CA5EB2212437BAC65,Wall,,CTF - ConductionTransferFunction,EXTERIOR WALL,0.229,0.221,,15.00,15.00,15.00,180.00,90.00,5.00,3.00,0.00,ExternalEnvironment,DOE-2,ASHRAETARP,SunExposed,WindExposed,0.50,0.50,0.50,0.50,4
,          30,E9DEF6BFFD0D4E24982D,Wall,,CTF - ConductionTransferFunction,EXTERIOR WALL,0.229,0.221,,10.20,15.00,10.20,90.00,90.00,5.00,3.00,0.00,ExternalEnvironment,DOE-2,ASHRAETARP,SunExposed,WindExposed,0.50,0.50,0.50,0.50,4
,          31,E9DEF6BFFD0D4E24982D_GLZ_0_FACD16C8C8724A7C9FE8,Window,E9DEF6BFFD0D4E24982D,Window5 Detailed Fenestration,EXTERIOR WINDOW,N/A,1.600,No,4.80,4.80,4.80,90.00,90.00,3.00,1.60,0.00,ExternalEnvironment,DOE-2,ASHRAETARP,SunExposed,WindExposed,0.50,0.50,0.50,0.50,4
,          32,18827043BD1748228F9F_SRFP_0,Wall,,CTF - ConductionTransferFunction,INTERIOR WALL,2.807,1.977,,1.60,1.60,1.60,0.00,90.00,2.04,2.83,0.00,1B4A70146E884417A6C2_SRFP_0,Other/Same Surface Int Conv,ASHRAETARP,NoSun,NoWind,0.50,0.50,0.50,0.50,3
,          33,18827043BD1748228F9F_SRFP_1,Wall,,CTF - ConductionTransferFunction,INTERIOR WALL,2.807,1.977,,3.00,3.00,3.00,0.00,90.00,2.83,3.00,0.00,1B4A70146E884417A6C2_SRFP_1,Other/Same Surface Int Conv,ASHRAETARP,NoSun,NoWind,0.50,0.50,0.50,0.50,3
,          34,18827043BD1748228F9F_SRFP_2,Wall,,CTF - ConductionTransferFunction,INTERIOR WALL,2.807,1.977,,0.50,0.50,0.50,0.00,90.00,2.24,3.16,0.00,1B4A70146E884417A6C2_SRFP_2,Other/Same Surface Int Conv,ASHRAETARP,NoSun,NoWind,0.50,0.50,0.50,0.50,3
,          35,18827043BD1748228F9F_SRFP_3,Wall,,CTF - ConductionTransferFunction,INTERIOR WALL,2.807,1.977,,2.50,2.50,2.50,0.00,90.00,3.16,5.00,0.00,1B4A70146E884417A6C2_SRFP_3,Other/Same Surface Int Conv,ASHRAETARP,NoSun,NoWind,0.50,0.50,0.50,0.50,3
,          36,18827043BD1748228F9F_SRFP_4,Wall,,CTF - ConductionTransferFunction,INTERIOR WALL,2.807,1.977,,0.20,0.20,0.20,0.00,90.00,1.00,3.03,0.00,1B4A70146E884417A6C2_SRFP_4,Other/Same Surface Int Conv,ASHRAETARP,NoSun,NoWind,0.50,0.50,0.50,0.50,3
,          37,18827043BD1748228F9F_SRFP_5,Wall,,CTF - ConductionTransferFunction,INTERIOR WALL,2.807,1.977,,1.60,1.60,1.60,0.00,90.00,2.24,3.28,0.00,1B4A70146E884417A6C2_SRFP_5,Other/Same Surface Int Conv,ASHRAETARP,NoSun,NoWind,0.50,0.50,0.50,0.50,3
,          38,18827043BD1748228F9F_SRFP_6,Wall,,CTF - ConductionTransferFunction,INTERIOR WALL,2.807,1.977,,3.00,3.00,3.00,0.00,90.00,3.28,3.00,0.00,1B4A70146E884417A6C2_SRFP_6,Other/Same Surface Int Conv,ASHRAETARP,NoSun,NoWind,0.50,0.50,0.50,0.50,3
,          39,18827043BD1748228F9F_SRFP_7,Wall,,CTF - ConductionTransferFunction,INTERIOR WALL,2.807,1.977,,1.00,1.00,1.00,0.00,90.00,5.00,3.03,0.00,1B4A70146E884417A6C2_SRFP_7,Other/Same Surface Int Conv,ASHRAETARP,NoSun,NoWind,0.50,0.50,0.50,0.50,3
,          40,1940A526EB2349FCAC1E,Wall,,CTF - ConductionTransferFunction,INTERIOR WALL,2.807,1.977,,13.40,15.00,13.40,270.00,90.00,5.00,3.00,0.00,749EC30EECD34DC4A25C,Other/Same Surface Int Conv,ASHRAETARP,NoSun,NoWind,0.50,0.50,0.50,0.50,4
,          41,1940A526EB2349FCAC1E_GLZ_0_5B10F896F7BD4131A002,Window,1940A526EB2349FCAC1E,Window5 Detailed Fenestration,INTERIOR WINDOW,N/A,4.999,No,1.60,1.60,1.60,270.00,90.00,1.60,1.00,0.00,749EC30EECD34DC4A25C_GLZ_0_7C286FED11CF4D82B23B,Other/Same Surface Int Conv,ASHRAETARP,NoSun,NoWind,0.50,0.50,0.50,0.50,4
,          42,21EFBD8EB290413FBD96,Wall,,CTF - ConductionTransferFunction,AIR WALL,13.100,4.424,,1.60,1.60,1.60,0.00,90.00,1.00,1.60,0.00,E4458FF87EE04E219343,Other/Same Surface Int Conv,ASHRAETARP,NoSun,NoWind,0.50,0.50,0.50,0.50,4
,          43,6EF94013FE2746C399E9,Floor,,CTF - ConductionTransferFunction,EXTERIOR FLOOR,0.556,0.490,,25.00,25.00,25.00,90.00,180.00,5.00,5.00,0.00,Ground,N/A-Ground,ASHRAETARP,NoSun,NoWind,1.00,0.00,1.00,0.00,4
,          44,47C50FED2A7A44E3B20B,Roof,,CTF - ConductionTransferFunction,INTERIOR CEILING,1.515,1.179,,25.00,25.00,25.00,180.00,0.00,5.00,5.00,0.00,2A66A42AD58A403783AA,Other/Same Surface Int Conv,ASHRAETARP,NoSun,NoWind,0.00,1.00,0.00,1.00,4
,          45,65EDE32B890F4F1F9280,Wall,,CTF - ConductionTransferFunction,EXTERIOR WALL,0.229,0.221,,15.00,15.00,15.00,0.00,90.00,5.00,3.00,0.00,ExternalEnvironment,DOE-2,ASHRAETARP,SunExposed,WindExposed,0.50,0.50,0.50,0.50,4
,          46,E792B52EA48241D382FB,Wall,,CTF - ConductionTransferFunction,EXTERIOR WALL,0.229,0.221,,10.20,15.00,10.20,270.00,90.00,5.00,3.00,0.00,ExternalEnvironment,DOE-2,ASHRAETARP,SunExposed,WindExposed,0.50,0.50,0.50,0.50,4
,          47,E792B52EA48241D382FB_GLZ_0_1798305B2A5941A4899A,Window,E792B52EA48241D382FB,Window5 Detailed Fenestration,EXTERIOR WINDOW,N/A,1.600,No,4.80,4.80,4.80,270.00,90.00,3.00,1.60,0.00,ExternalEnvironment,DOE-2,ASHRAETARP,SunExposed,WindExposed,0.50,0.50,0.50,0.50,4
,          48,A492058F47A24CFDB0FC_SRFP_0,Wall,,CTF - ConductionTransferFunction,INTERIOR WALL,2.807,1.977,,1.60,1.60,1.60,180.00,90.00,2.83,2.04,0.00,3450B9CAC0D14E639808_SRFP_0,Other/Same Surface Int Conv,ASHRAETARP,NoSun,NoWind,0.50,0.50,0.50,0.50,3
,          49,A492058F47A24CFDB0FC_SRFP_1,Wall,,CTF - ConductionTransferFunction,INTERIOR WALL,2.807,1.977,,3.00,3.00,3.00,180.00,90.00,3.00,2.83,0.00,3450B9CAC0D14E639808_SRFP_1,Other/Same Surface Int Conv,ASHRAETARP,NoSun,NoWind,0.50,0.50,0.50,0.50,3
,          50,A492058F47A24CFDB0FC_SRFP_2,Wall,,CTF - ConductionTransferFunction,INTERIOR WALL,2.807,1.977,,0.50,0.50,0.50,180.00,90.00,3.16,2.24,0.00,3450B9CAC0D14E639808_SRFP_2,Other/Same Surface Int Conv,ASHRAETARP,NoSun,NoWind,0.50,0.50,0.50,0.50,3
,          51,A492058F47A24CFDB0FC_SRFP_3,Wall,,CTF - ConductionTransferFunction,INTERIOR WALL,2.807,1.977,,2.50,2.50,2.50,180.00,90.00,5.00,3.16,0.00,3450B9CAC0D14E639808_SRFP_3,Other/Same Surface Int Conv,ASHRAETARP,NoSun,NoWind,0.50,0.50,0.50,0.50,3
,          52,A492058F47A24CFDB0FC_SRFP_4,Wall,,CTF - ConductionTransferFunction,INTERIOR WALL,2.807,1.977,,0.20,0.20,0.20,180.00,90.00,3.03,1.00,0.00,3450B9CAC0D14E639808_SRFP_4,Other/Same Surface Int Conv,ASHRAETARP,NoSun,NoWind,0.50,0.50,0.50,0.50,3
,          53,A492058F47A24CFDB0FC_SRFP_5,Wall,,CTF - ConductionTransferFunction,INTERIOR WALL,2.807,1.977,,1.60,1.60,1.60,180.00,90.00,3.28,2.24,0.00,3450B9CAC0D14E639808_SRFP_5,Other/Same Surface Int Conv,ASHRAETARP,NoSun,NoWind,0.50,0.50,0.50,0.50,3
,          54,A492058F47A24CFDB0FC_SRFP_6,Wall,,CTF - ConductionTransferFunction,INTERIOR WALL,2.807,1.977,,3.00,3.00,3.00,180.00,90.00,3.00,3.28,0.00,3450B9CAC0D14E639808_SRFP_6,Other/Same Surface Int Conv,ASHRAETARP,NoSun,NoWind,0.50,0.50,0.50,0.50,3
,          55,A492058F47A24CFDB0FC_SRFP_7,Wall,,CTF - ConductionTransferFunction,INTERIOR WALL,2.807,1.977,,1.00,1.00,1.00,180.00,90.00,3.03,5.00,0.00,3450B9CAC0D14E639808_SRFP_7,Other/Same Surface Int Conv,ASHRAETARP,NoSun,NoWind,0.50,0.50,0.50,0.50,3
,          56,1489C5E4864749108183,Wall,,CTF - ConductionTransferFunction,INTERIOR WALL,2.807,1.977,,13.40,15.00,13.40,90.00,90.00,5.00,3.00,0.00,9A94ACA56A16440990CD,Other/Same Surface Int Conv,ASHRAETARP,NoSun,NoWind,0.50,0.50,0.50,0.50,4
,          57,1489C5E4864749108183_GLZ_0_F33F73C9CB4C44119EC3,Window,1489C5E4864749108183,Window5 Detailed Fenestration,INTERIOR WINDOW,N/A,4.999,No,1.60,1.60,1.60,90.00,90.00,1.00,1.60,0.00,9A94ACA56A16440990CD_GLZ_0_BEDFD86103A246C58282,Other/Same Surface Int Conv,ASHRAETARP,NoSun,NoWind,0.50,0.50,0.50,0.50,4
,          58,629F7D9ECD6240458EB2,Wall,,CTF - ConductionTransferFunction,AIR WALL,13.100,4.424,,1.60,1.60,1.60,180.00,90.00,1.00,1.60,0.00,F54267983C3742E19DB3,Other/Same Surface Int Conv,ASHRAETARP,NoSun,NoWind,0.50,0.50,0.50,0.50,4
,          59,607BDE968C67456E8C5E,Floor,,CTF - ConductionTransferFunction,EXTERIOR FLOOR,0.556,0.490,,25.00,25.00,25.00,90.00,180.00,5.00,5.00,0.00,Ground,N/A-Ground,ASHRAETARP,NoSun,NoWind,1.00,0.00,1.00,0.00,4
,          60,FCBCC5A43A364B309038,Roof,,CTF - ConductionTransferFunction,INTERIOR CEILING,1.515,1.179,,25.00,25.00,25.00,180.00,0.00,5.00,5.00,0.00,10AE508A81264C718D07,Other/Same Surface Int Conv,ASHRAETARP,NoSun,NoWind,0.00,1.00,0.00,1.00,4
,          61,A9013CCDF7514C79B799,Wall,,CTF - ConductionTransferFunction,EXTERIOR WALL,0.229,0.221,,15.00,15.00,15.00,90.00,90.00,5.00,3.00,0.00,ExternalEnvironment,DOE-2,ASHRAETARP,SunExposed,WindExposed,0.50,0.50,0.50,0.50,4
,          62,0BB252B337B243D1A9CA,Wall,,CTF - ConductionTransferFunction,EXTERIOR WALL,0.229,0.221,,10.20,15.00,10.20,0.00,90.00,5.00,3.00,0.00,ExternalEnvironment,DOE-2,ASHRAETARP,SunExposed,WindExposed,0.50,0.50,0.50,0.50,4
,          63,0BB252B337B243D1A9CA_GLZ_0_F5CF2156590D48F8B885,Window,0BB252B337B243D1A9CA,Window5 Detailed Fenestration,EXTERIOR WINDOW,N/A,1.600,No,4.80,4.80,4.80,0.00,90.00,3.00,1.60,0.00,ExternalEnvironment,DOE-2,ASHRAETARP,SunExposed,WindExposed,0.50,0.50,0.50,0.50,4
,          64,1B4A70146E884417A6C2_SRFP_0,Wall,,CTF - ConductionTransferFunction,INTERIOR WALL,2.807,1.977,,1.60,1.60,1.60,180.00,90.00,2.83,2.04,0.00,18827043BD1748228F9F_SRFP_0,Other/Same Surface Int Conv,ASHRAETARP,NoSun,NoWind,0.50,0.50,0.50,0.50,3
,          65,1B4A70146E884417A6C2_SRFP_1,Wall,,CTF - ConductionTransferFunction,INTERIOR WALL,2.807,1.977,,3.00,3.00,3.00,180.00,90.00,3.00,2.83,0.00,18827043BD1748228F9F_SRFP_1,Other/Same Surface Int Conv,ASHRAETARP,NoSun,NoWind,0.50,0.50,0.50,0.50,3
,          66,1B4A70146E884417A6C2_SRFP_2,Wall,,CTF - ConductionTransferFunction,INTERIOR WALL,2.807,1.977,,0.50,0.50,0.50,180.00,90.00,3.16,2.24,0.00,18827043BD1748228F9F_SRFP_2,Other/Same Surface Int Conv,ASHRAETARP,NoSun,NoWind,0.50,0.50,0.50,0.50,3
,          67,1B4A70146E884417A6C2_SRFP_3,Wall,,CTF - ConductionTransferFunction,INTERIOR WALL,2.807,1.977,,2.50,2.50,2.50,180.00,90.00,5.00,3.16,0.00,18827043BD1748228F9F_SRFP_3,Other/Same Surface Int Conv,ASHRAETARP,NoSun,NoWind,0.50,0.50,0.50,0.50,3
,          68,1B4A70146E884417A6C2_SRFP_4,Wall,,CTF - ConductionTransferFunction,INTERIOR WALL,2.807,1.977,,0.20,0.20,0.20,180.00,90.00,3.03,1.00,0.00,18827043BD1748228F9F_SRFP_4,Other/Same Surface Int Conv,ASHRAETARP,NoSun,NoWind,0.50,0.50,0.50,0.50,3
,          69,1B4A70146E884417A6C2_SRFP_5,Wall,,CTF - ConductionTransferFunction,INTERIOR WALL,2.807,1.977,,1.60,1.60,1.60,180.00,90.00,3.28,2.24,0.00,18827043BD1748228F9F_SRFP_5,Other/Same Surface Int Conv,ASHRAETARP,NoSun,NoWind,0.50,0.50,0.50,0.50,3
,          70,1B4A70146E884417A6C2_SRFP_6,Wall,,CTF - ConductionTransferFunction,INTERIOR WALL,2.807,1.977,,3.00,3.00,3.00,180.00,90.00,3.00,3.28,0.00,18827043BD1748228F9F_SRFP_6,Other/Same Surface Int Conv,ASHRAETARP,NoSun,NoWind,0.50,0.50,0.50,0.50,3
,          71,1B4A70146E884417A6C2_SRFP_7,Wall,,CTF - ConductionTransferFunction,INTERIOR WALL,2.807,1.977,,1.00,1.00,1.00,180.00,90.00,3.03,5.00,0.00,18827043BD1748228F9F_SRFP_7,Other/Same Surface Int Conv,ASHRAETARP,NoSun,NoWind,0.50,0.50,0.50,0.50,3
,          72,9A94ACA56A16440990CD,Wall,,CTF - ConductionTransferFunction,INTERIOR WALL,2.807,1.977,,13.40,15.00,13.40,270.00,90.00,5.00,3.00,0.00,1489C5E4864749108183,Other/Same Surface Int Conv,ASHRAETARP,NoSun,NoWind,0.50,0.50,0.50,0.50,4
,          73,9A94ACA56A16440990CD_GLZ_0_BEDFD86103A246C58282,Window,9A94ACA56A16440990CD,Window5 Detailed Fenestration,INTERIOR WINDOW,N/A,4.999,No,1.60,1.60,1.60,270.00,90.00,1.60,1.00,0.00,1489C5E4864749108183_GLZ_0_F33F73C9CB4C44119EC3,Other/Same Surface Int Conv,ASHRAETARP,NoSun,NoWind,0.50,0.50,0.50,0.50,4
,          74,E4458FF87EE04E219343,Wall,,CTF - ConductionTransferFunction,AIR WALL,13.100,4.424,,1.60,1.60,1.60,180.00,90.00,1.00,1.60,0.00,21EFBD8EB290413FBD96,Other/Same Surface Int Conv,ASHRAETARP,NoSun,NoWind,0.50,0.50,0.50,0.50,4
,          75,92EBA5E7333F41208130,Floor,,CTF - ConductionTransferFunction,EXTERIOR FLOOR,0.556,0.490,,25.00,25.00,25.00,90.00,180.00,5.00,5.00,0.00,Ground,N/A-Ground,ASHRAETARP,NoSun,NoWind,1.00,0.00,1.00,0.00,4
,          76,D4EE8901333D4106849A,Roof,,CTF - ConductionTransferFunction,INTERIOR CEILING,1.515,1.179,,25.00,25.00,25.00,180.00,0.00,5.00,5.00,0.00,91E9F8EB13224A229BEE,Other/Same Surface Int Conv,ASHRAETARP,NoSun,NoWind,0.00,1.00,0.00,1.00,4


Environment

,,Environment Name,Environment Type,Start Date,End Date,Start DayOfWeek,Duration {#days},Source:Start DayOfWeek,Use Daylight Saving,Use Holidays,Apply Weekend Holiday Rule,Use Rain Values,Use Snow Values
,           1,PARAMETRIC RUN,WeatherFileRunPeriod,01/01,12/31,Monday,365,Use RunPeriod Specified Day,Yes,Yes,No,Yes,Yes


Environment:Daylight Saving

,,Daylight Saving Indicator,Source,Start Date,End Date
,           1,No,,,


Environment:WarmupDays

,,NumberofWarmupDays
,           1,6


Warmup Convergence Information

,,Zone Name,Environment Type/Name,Average Warmup Temperature Difference {deltaC},Std Dev Warmup Temperature Difference {deltaC},Max Temperature Pass/Fail Convergence,Min Temperature Pass/Fail Convergence,Average Warmup Load Difference {W},Std Dev Warmup Load Difference {W},Heating Load Pass/Fail Convergence,Cooling Load Pass/Fail Convergence
,           1,ZONE1,RunPeriod: PARAMETRIC RUN,8.9120673861E-002,0.5020464845,Pass,Pass,4.0332410815E-002,0.2003062338,Pass,Pass
,           2,ZONE2,RunPeriod: PARAMETRIC RUN,7.4119890843E-002,0.4195205806,Pass,Pass,4.2237145389E-002,0.1881870879,Pass,Pass
,           3,ZONE3,RunPeriod: PARAMETRIC RUN,8.3017720861E-002,0.4661290153,Pass,Pass,4.6012178386E-002,0.2081686809,Pass,Pass
,           4,ZONE4,RunPeriod: PARAMETRIC RUN,7.3852299330E-002,0.4185228621,Pass,Pass,4.3864374472E-002,0.1966511031,Pass,Pass


